"ERR","Organism Name","YEAR","Country","Source","ST","Gene","Class","Subclass"
"DRR242140","Escherichia coli",NA,"Zambia","Human","-","blaCMY-2","BETA-LACTAM","CEPHALOSPORIN"
"DRR242142","Escherichia coli",NA,"Zambia","Human","-","ftsI_I336IKYRI","BETA-LACTAM","AZTREONAM/CEFIDEROCOL/CEPHALOSPORIN"
"DRR242145","Escherichia coli",NA,"Zambia","Human","-",NA,NA,NA
"DRR242147","Escherichia coli",NA,"Zambia","Human","-",NA,NA,NA
"DRR242150","Escherichia coli",NA,"Zambia","Human","477","ftsI_I336IKYRI","BETA-LACTAM","AZTREONAM/CEFIDEROCOL/CEPHALOSPORIN"
"DRR242150","Escherichia coli",NA,"Zambia","Human","477","blaCTX-M-15","BETA-LACTAM","CEPHALOSPORIN"
"DRR242151","Escherichia coli",NA,"Zambia","Human","3","blaCTX-M-14","BETA-LACTAM","CEPHALOSPORIN"
"DRR242152","Escherichia coli",NA,"Zambia","Human","2","blaCTX-M-15","BETA-LACTAM","CEPHALOSPORIN"
"DRR242153","Escherichia coli",NA,"Zambia","Human","2","blaCTX-M-15","BETA-LACTAM","CEPHALOSPORIN"
"DRR242154","Escherichia coli",NA,"Zambia","Human","-",NA,NA,NA
"DRR242155","Escherichia coli",NA,"Zambia","Human","-","blaCTX-M","BETA-LACTAM","CEPHALOSPORIN"
"DRR242156","Escherichia coli",NA,"Zambia","Human","-","blaCTX-M-15","BETA-LACTAM","CEPHALOSPORIN"
"DRR242156","Escherichia coli",NA,"Zambia","Human","-","ftsI_I336IKYRI","BETA-LACTAM","AZTREONAM/CEFIDEROCOL/CEPHALOSPORIN"
"DRR242157","Escherichia coli",NA,"Zambia","Human","-","blaCTX-M","BETA-LACTAM","CEPHALOSPORIN"
"DRR242157","Escherichia coli",NA,"Zambia","Human","-","blaOXA-1","BETA-LACTAM","CEPHALOSPORIN"
"DRR242158","Escherichia coli",NA,"Zambia","Human","-",NA,NA,NA
"DRR242159","Escherichia coli",NA,"Zambia","Human","-","ftsI_I336IKYRI","BETA-LACTAM","AZTREONAM/CEFIDEROCOL/CEPHALOSPORIN"
"DRR242159","Escherichia coli",NA,"Zambia","Human","-","blaCTX-M-15","BETA-LACTAM","CEPHALOSPORIN"
"DRR242160","Escherichia coli",NA,"Zambia","Human","-",NA,NA,NA
"DRR242161","Escherichia coli",NA,"Zambia","Human","-",NA,NA,NA
"DRR242162","Escherichia coli",NA,"Zambia","Human","-",NA,NA,NA
"DRR242163","Escherichia coli",NA,"Zambia","Human","-","blaCTX-M-15","BETA-LACTAM","CEPHALOSPORIN"
"DRR242163","Escherichia coli",NA,"Zambia","Human","-","blaOXA-1","BETA-LACTAM","CEPHALOSPORIN"
"DRR242164","Escherichia coli",NA,"Zambia","Human","-",NA,NA,NA
"DRR242165","Escherichia coli",NA,"Zambia","Human","-",NA,NA,NA
"DRR242167","Escherichia coli",NA,"Zambia","Human","477","ftsI_I336IKYRI","BETA-LACTAM","AZTREONAM/CEFIDEROCOL/CEPHALOSPORIN"
"DRR242167","Escherichia coli",NA,"Zambia","Human","477","blaCTX-M-15","BETA-LACTAM","CEPHALOSPORIN"
"DRR242168","Escherichia coli",NA,"Zambia","Human","3","blaCTX-M-14","BETA-LACTAM","CEPHALOSPORIN"
"DRR242169","Escherichia coli",NA,"Zambia","Human","741","blaCTX-M-15","BETA-LACTAM","CEPHALOSPORIN"
"DRR242169","Escherichia coli",NA,"Zambia","Human","741","blaOXA-1","BETA-LACTAM","CEPHALOSPORIN"
"DRR242170","Escherichia coli",NA,"Zambia","Human","-",NA,NA,NA
"DRR242171","Escherichia coli",NA,"Zambia","Human","-",NA,NA,NA
"DRR242173","Escherichia coli",NA,"Zambia","Human","-","blaCTX-M","BETA-LACTAM","CEPHALOSPORIN"
"DRR242174","Escherichia coli",NA,"Zambia","Human","506","blaCTX-M-27","BETA-LACTAM","CEPHALOSPORIN"
"DRR242176","Escherichia coli",NA,"Zambia","Human","8","blaCTX-M-15","BETA-LACTAM","CEPHALOSPORIN"
"DRR242176","Escherichia coli",NA,"Zambia","Human","8","blaCTX-M-14","BETA-LACTAM","CEPHALOSPORIN"
"DRR242177","Escherichia coli",NA,"Zambia","Human","-","blaCTX-M-15","BETA-LACTAM","CEPHALOSPORIN"
"DRR242177","Escherichia coli",NA,"Zambia","Human","-","blaOXA-1","BETA-LACTAM","CEPHALOSPORIN"
"DRR242178","Escherichia coli",NA,"Zambia","Human","-","blaCTX-M","BETA-LACTAM","CEPHALOSPORIN"
"DRR242178","Escherichia coli",NA,"Zambia","Human","-","blaOXA-1","BETA-LACTAM","CEPHALOSPORIN"
"DRR242180","Escherichia coli",NA,"Zambia","Human","-","blaCTX-M","BETA-LACTAM","CEPHALOSPORIN"
"DRR242181","Escherichia coli",NA,"Zambia","Human","43","blaCTX-M-27","BETA-LACTAM","CEPHALOSPORIN"
"DRR242182","Escherichia coli",NA,"Zambia","Human","-","blaCTX-M-15","BETA-LACTAM","CEPHALOSPORIN"
"DRR242182","Escherichia coli",NA,"Zambia","Human","-","blaOXA-1","BETA-LACTAM","CEPHALOSPORIN"
"DRR242183","Escherichia coli",NA,"Zambia","Human","43","blaCTX-M-27","BETA-LACTAM","CEPHALOSPORIN"
"DRR242184","Escherichia coli",NA,"Zambia","Human","2","blaCTX-M-15","BETA-LACTAM","CEPHALOSPORIN"
"DRR242185","Escherichia coli",NA,"Zambia","Human","-","blaCTX-M","BETA-LACTAM","CEPHALOSPORIN"
"ERR1211706","Escherichia coli",2022,"Tanzania","Human",NA,NA,NA,NA
"ERR1211707","Escherichia coli",2022,"Tanzania","Human","-","blaACT-56","BETA-LACTAM","CEPHALOSPORIN"
"ERR1211707","Escherichia coli",2022,"Tanzania","Human","-","blaCTX-M-15","BETA-LACTAM","CEPHALOSPORIN"
"ERR1211707","Escherichia coli",2022,"Tanzania","Human","-","blaOXA-1","BETA-LACTAM","CEPHALOSPORIN"
"ERR1211708","Escherichia coli",2022,"Tanzania","Human","-","blaMIR","BETA-LACTAM","CEPHALOSPORIN"
"ERR1211709","Escherichia coli",2022,"Tanzania","Human","-","blaACT","BETA-LACTAM","CEPHALOSPORIN"
"ERR1211710","Escherichia coli",2022,"Tanzania","Human","-",NA,NA,NA
"ERR1211711","Escherichia coli",2022,"Tanzania","Human","-",NA,NA,NA
"ERR1211712","Escherichia coli",2022,"Tanzania","Human","-","blaCTX-M-15","BETA-LACTAM","CEPHALOSPORIN"
"ERR1211712","Escherichia coli",2022,"Tanzania","Human","-","blaOXA-1","BETA-LACTAM","CEPHALOSPORIN"
"ERR1211712","Escherichia coli",2022,"Tanzania","Human","-","blaCMY","BETA-LACTAM","CEPHALOSPORIN"
"ERR1211713","Escherichia coli",2022,"Tanzania","Animal","-","blaOXA-301","BETA-LACTAM","CARBAPENEM"
"ERR1211714","Escherichia coli",2022,"Tanzania","Animal","535","blaCTX-M-15","BETA-LACTAM","CEPHALOSPORIN"
"ERR1211715","Escherichia coli",2022,"Tanzania","Animal","-","blaCTX-M-15","BETA-LACTAM","CEPHALOSPORIN"
"ERR1211716","Escherichia coli",2022,"Tanzania","Animal","-","blaCTX-M-15","BETA-LACTAM","CEPHALOSPORIN"
"ERR1211716","Escherichia coli",2022,"Tanzania","Animal","-","blaOXA-1","BETA-LACTAM","CEPHALOSPORIN"
"ERR1211717","Escherichia coli",2022,"Tanzania","Animal","-","blaCTX-M-15","BETA-LACTAM","CEPHALOSPORIN"
"ERR1211717","Escherichia coli",2022,"Tanzania","Animal","-","blaOXA-1","BETA-LACTAM","CEPHALOSPORIN"
"ERR1211718","Escherichia coli",2022,"Tanzania","Animal","-","blaCTX-M-15","BETA-LACTAM","CEPHALOSPORIN"
"ERR1211719","Escherichia coli",2022,"Tanzania","Animal","-","blaCTX-M-15","BETA-LACTAM","CEPHALOSPORIN"
"ERR1211719","Escherichia coli",2022,"Tanzania","Animal","-","blaOXA-1","BETA-LACTAM","CEPHALOSPORIN"
"ERR1211719","Escherichia coli",2022,"Tanzania","Animal","-","blaCMY","BETA-LACTAM","CEPHALOSPORIN"
"ERR1211720","Escherichia coli",2022,"Tanzania","Animal","-",NA,NA,NA
"ERR1211721","Escherichia coli",2022,"Tanzania","Animal","-","blaCTX-M-15","BETA-LACTAM","CEPHALOSPORIN"
"ERR1211722","Escherichia coli",2022,"Tanzania","Animal","21","blaCTX-M-15","BETA-LACTAM","CEPHALOSPORIN"
"ERR1211723","Escherichia coli",2022,"Tanzania","Animal","398","blaCTX-M-15","BETA-LACTAM","CEPHALOSPORIN"
"ERR1211724","Escherichia coli",2022,"Tanzania","Animal","43","blaCTX-M-15","BETA-LACTAM","CEPHALOSPORIN"
"ERR1211725","Escherichia coli",2022,"Tanzania","Animal","535","blaCTX-M-15","BETA-LACTAM","CEPHALOSPORIN"
"ERR1211726","Escherichia coli",2022,"Tanzania","Animal","2","blaCTX-M-15","BETA-LACTAM","CEPHALOSPORIN"
"ERR1211727","Escherichia coli",2022,"Tanzania","Animal","-","blaCTX-M-15","BETA-LACTAM","CEPHALOSPORIN"
"ERR1211728","Escherichia coli",2022,"Tanzania","Animal","-","blaCTX-M-15","BETA-LACTAM","CEPHALOSPORIN"
"ERR1211729","Escherichia coli",2022,"Tanzania","Animal","8","blaCTX-M-55","BETA-LACTAM","CEPHALOSPORIN"
"ERR1211730","Escherichia coli",2022,"Tanzania","Animal","24","blaCTX-M-15","BETA-LACTAM","CEPHALOSPORIN"
"ERR1211731","Escherichia coli",2022,"Tanzania","Environment","877","blaCTX-M-15","BETA-LACTAM","CEPHALOSPORIN"
"ERR1211731","Escherichia coli",2022,"Tanzania","Environment","877","blaOXA-1","BETA-LACTAM","CEPHALOSPORIN"
"ERR1211732","Escherichia coli",2022,"Tanzania","Environment","-","blaCTX-M-15","BETA-LACTAM","CEPHALOSPORIN"
"ERR1211733","Escherichia coli",2022,"Tanzania","Environment","37","blaCTX-M-15","BETA-LACTAM","CEPHALOSPORIN"
"ERR10391346","Escherichia coli",2018,"Madagascar","Animal","486","blaCTX-M-15","BETA-LACTAM","CEPHALOSPORIN"
"ERR10391347","Escherichia coli",2018,"Madagascar","Animal","132","blaCTX-M-15","BETA-LACTAM","CEPHALOSPORIN"
"ERR10391348","Escherichia coli",2018,"Madagascar","Animal","-","blaCTX-M-27","BETA-LACTAM","CEPHALOSPORIN"
"ERR10391349","Escherichia coli",2018,"Madagascar","Animal","1112","blaCTX-M-15","BETA-LACTAM","CEPHALOSPORIN"
"ERR10391350","Escherichia coli",2018,"Madagascar","Animal","535","blaCTX-M-15","BETA-LACTAM","CEPHALOSPORIN"
"ERR10391351","Escherichia coli",2018,"Madagascar","Animal","2","blaCTX-M-15","BETA-LACTAM","CEPHALOSPORIN"
"ERR10391352","Escherichia coli",2018,"Madagascar","Animal","-","blaCTX-M-15","BETA-LACTAM","CEPHALOSPORIN"
"ERR10391353","Escherichia coli",2018,"Madagascar","Animal","87","blaCTX-M-15","BETA-LACTAM","CEPHALOSPORIN"
"ERR10391354","Escherichia coli",2018,"Madagascar","Animal","999","blaCTX-M-27","BETA-LACTAM","CEPHALOSPORIN"
"ERR10391355","Escherichia coli",2018,"Madagascar","Animal","925","blaCTX-M-15","BETA-LACTAM","CEPHALOSPORIN"
"ERR10391356","Escherichia coli",2018,"Madagascar","Animal","-","blaCTX-M-15","BETA-LACTAM","CEPHALOSPORIN"
"ERR10391357","Escherichia coli",2018,"Madagascar","Animal","999","blaCTX-M-15","BETA-LACTAM","CEPHALOSPORIN"
"ERR10391358","Escherichia coli",2018,"Madagascar","Animal","-","blaCTX-M-27","BETA-LACTAM","CEPHALOSPORIN"
"ERR10391359","Escherichia coli",2018,"Madagascar","Animal","-","blaCTX-M-15","BETA-LACTAM","CEPHALOSPORIN"
"ERR10391360","Escherichia coli",2018,"Madagascar","Animal","132","blaCTX-M-15","BETA-LACTAM","CEPHALOSPORIN"
"ERR10391361","Escherichia coli",2018,"Madagascar","Animal","-","blaCTX-M-15","BETA-LACTAM","CEPHALOSPORIN"
"ERR10391362","Escherichia coli",2018,"Madagascar","Animal","999","blaCTX-M-27","BETA-LACTAM","CEPHALOSPORIN"
"ERR10391363","Escherichia coli",2018,"Madagascar","Animal","-","blaCTX-M-115","BETA-LACTAM","CEPHALOSPORIN"
"ERR10391364","Escherichia coli",2018,"Madagascar","Animal","-","blaCTX-M-3","BETA-LACTAM","CEPHALOSPORIN"
"ERR10391365","Escherichia coli",2018,"Madagascar","Animal","132","blaCTX-M-15","BETA-LACTAM","CEPHALOSPORIN"
"ERR10391366","Escherichia coli",2018,"Madagascar","Animal","-","blaCTX-M-27","BETA-LACTAM","CEPHALOSPORIN"
"ERR10391367","Escherichia coli",2018,"Madagascar","Animal","2","blaCTX-M-15","BETA-LACTAM","CEPHALOSPORIN"
"ERR10391368","Escherichia coli",2018,"Madagascar","Animal","532","blaCTX-M-14","BETA-LACTAM","CEPHALOSPORIN"
"ERR10391369","Escherichia coli",2018,"Madagascar","Animal","132","blaCTX-M-15","BETA-LACTAM","CEPHALOSPORIN"
"ERR10391370","Escherichia coli",2018,"Madagascar","Animal","-","blaCTX-M-115","BETA-LACTAM","CEPHALOSPORIN"
"ERR10391371","Escherichia coli",2018,"Madagascar","Animal","398","blaCTX-M-15","BETA-LACTAM","CEPHALOSPORIN"
"ERR10391372","Escherichia coli",2018,"Madagascar","Animal","8","blaCTX-M-27","BETA-LACTAM","CEPHALOSPORIN"
"ERR10391373","Escherichia coli",2018,"Madagascar","Animal","-","blaCTX-M-27","BETA-LACTAM","CEPHALOSPORIN"
"ERR10391374","Escherichia coli",2018,"Madagascar","Animal","532","blaCTX-M-14","BETA-LACTAM","CEPHALOSPORIN"
"ERR10391375","Escherichia coli",2018,"Madagascar","Animal","446","blaCTX-M-15","BETA-LACTAM","CEPHALOSPORIN"
"ERR10391376","Escherichia coli",2018,"Madagascar","Animal","-","blaCTX-M-15","BETA-LACTAM","CEPHALOSPORIN"
"ERR10391376","Escherichia coli",2018,"Madagascar","Animal","-","blaOXA-1","BETA-LACTAM","CEPHALOSPORIN"
"ERR10391377","Escherichia coli",2018,"Madagascar","Animal","83","blaCTX-M-15","BETA-LACTAM","CEPHALOSPORIN"
"ERR10391378","Escherichia coli",2018,"Madagascar","Animal","2","blaCTX-M-15","BETA-LACTAM","CEPHALOSPORIN"
"ERR10391379","Escherichia coli",2018,"Madagascar","Animal","-","blaCTX-M-27","BETA-LACTAM","CEPHALOSPORIN"
"ERR10391380","Escherichia coli",2018,"Madagascar","Animal","-","blaCTX-M-15","BETA-LACTAM","CEPHALOSPORIN"
"ERR10391381","Escherichia coli",2018,"Madagascar","Animal","-","blaCTX-M-27","BETA-LACTAM","CEPHALOSPORIN"
"ERR10391382","Escherichia coli",2018,"Madagascar","Animal","21","blaCTX-M-55","BETA-LACTAM","CEPHALOSPORIN"
"ERR10391383","Escherichia coli",2018,"Madagascar","Animal","-","blaCTX-M-15","BETA-LACTAM","CEPHALOSPORIN"
"ERR10391384","Escherichia coli",2018,"Madagascar","Animal","-","blaCTX-M-15","BETA-LACTAM","CEPHALOSPORIN"
"ERR10391385","Escherichia coli",2018,"Madagascar","Animal","21","blaCTX-M-55","BETA-LACTAM","CEPHALOSPORIN"
"ERR10391386","Escherichia coli",2018,"Madagascar","Animal","132","blaCTX-M-15","BETA-LACTAM","CEPHALOSPORIN"
"ERR10391387","Escherichia coli",2018,"Madagascar","Animal","-","blaCTX-M-15","BETA-LACTAM","CEPHALOSPORIN"
"ERR10391388","Escherichia coli",2018,"Madagascar","Animal","-","blaCTX-M-27","BETA-LACTAM","CEPHALOSPORIN"
"ERR10391389","Escherichia coli",2018,"Madagascar","Animal","973","blaCTX-M-15","BETA-LACTAM","CEPHALOSPORIN"
"ERR10391390","Escherichia coli",2018,"Madagascar","Animal","-","blaCTX-M-15","BETA-LACTAM","CEPHALOSPORIN"
"ERR10391391","Escherichia coli",2018,"Madagascar","Animal","999","blaCTX-M-15","BETA-LACTAM","CEPHALOSPORIN"
"ERR10391392","Escherichia coli",2018,"Madagascar","Animal","1112","blaCTX-M-15","BETA-LACTAM","CEPHALOSPORIN"
"ERR10391393","Escherichia coli",2018,"Madagascar","Animal","21","blaCTX-M-55","BETA-LACTAM","CEPHALOSPORIN"
"ERR10391394","Escherichia coli",2018,"Madagascar","Animal","-","blaCTX-M-27","BETA-LACTAM","CEPHALOSPORIN"
"ERR10391395","Escherichia coli",2018,"Madagascar","Animal","532","blaCTX-M-14","BETA-LACTAM","CEPHALOSPORIN"
"ERR10391396","Escherichia coli",2018,"Madagascar","Animal","477","ftsI_I336IKYRI","BETA-LACTAM","AZTREONAM/CEFIDEROCOL/CEPHALOSPORIN"
"ERR10391396","Escherichia coli",2018,"Madagascar","Animal","477","blaCTX-M-15","BETA-LACTAM","CEPHALOSPORIN"
"ERR10391396","Escherichia coli",2018,"Madagascar","Animal","477","blaOXA-1","BETA-LACTAM","CEPHALOSPORIN"
"ERR10391397","Escherichia coli",2018,"Madagascar","Animal","2","ftsI_N337NYRIN","BETA-LACTAM","AZTREONAM/CEFIDEROCOL/CEPHALOSPORIN"
"ERR10391397","Escherichia coli",2018,"Madagascar","Animal","2","blaNDM-5","BETA-LACTAM","CARBAPENEM"
"ERR10391397","Escherichia coli",2018,"Madagascar","Animal","2","blaCTX-M-15","BETA-LACTAM","CEPHALOSPORIN"
"ERR10391397","Escherichia coli",2018,"Madagascar","Animal","2","blaOXA-1","BETA-LACTAM","CEPHALOSPORIN"
"ERR10391398","Escherichia coli",2018,"Madagascar","Animal","1112","blaCTX-M-15","BETA-LACTAM","CEPHALOSPORIN"
"ERR10391399","Escherichia coli",2018,"Madagascar","Animal","1112","blaCTX-M-15","BETA-LACTAM","CEPHALOSPORIN"
"ERR10391400","Escherichia coli",2018,"Madagascar","Animal","21","blaCTX-M-55","BETA-LACTAM","CEPHALOSPORIN"
"ERR10391401","Escherichia coli",2018,"Madagascar","Animal","2","blaCTX-M-15","BETA-LACTAM","CEPHALOSPORIN"
"ERR10391402","Escherichia coli",2018,"Madagascar","Animal","-","blaCTX-M-15","BETA-LACTAM","CEPHALOSPORIN"
"ERR10391403","Escherichia coli",2018,"Madagascar","Animal","-","blaCTX-M-27","BETA-LACTAM","CEPHALOSPORIN"
"ERR10391404","Escherichia coli",2018,"Madagascar","Animal","1112","blaCTX-M-15","BETA-LACTAM","CEPHALOSPORIN"
"ERR10391405","Escherichia coli",2018,"Madagascar","Animal","1088","blaCTX-M-15","BETA-LACTAM","CEPHALOSPORIN"
"ERR10391406","Escherichia coli",2018,"Madagascar","Animal","87","blaCTX-M-15","BETA-LACTAM","CEPHALOSPORIN"
"ERR10391407","Escherichia coli",2018,"Madagascar","Animal","1112","blaCTX-M-15","BETA-LACTAM","CEPHALOSPORIN"
"ERR10391408","Escherichia coli",2018,"Madagascar","Animal","-","blaCTX-M-15","BETA-LACTAM","CEPHALOSPORIN"
"ERR10391409","Escherichia coli",2018,"Madagascar","Animal","-","blaCTX-M-115","BETA-LACTAM","CEPHALOSPORIN"
"ERR10391410","Escherichia coli",2018,"Madagascar","Animal","86","blaCTX-M-15","BETA-LACTAM","CEPHALOSPORIN"
"ERR10391411","Escherichia coli",2018,"Madagascar","Animal","-","blaCTX-M-1","BETA-LACTAM","CEPHALOSPORIN"
"ERR10391412","Escherichia coli",2018,"Madagascar","Animal","-","blaCTX-M-15","BETA-LACTAM","CEPHALOSPORIN"
"ERR10391413","Escherichia coli",2018,"Madagascar","Animal","132","blaCTX-M-15","BETA-LACTAM","CEPHALOSPORIN"
"ERR10391414","Escherichia coli",2018,"Madagascar","Animal","1112","blaCTX-M-15","BETA-LACTAM","CEPHALOSPORIN"
"ERR10391415","Escherichia coli",2018,"Madagascar","Animal","-","blaCTX-M-27","BETA-LACTAM","CEPHALOSPORIN"
"ERR10391416","Escherichia coli",2018,"Madagascar","Animal","-","blaCTX-M-27","BETA-LACTAM","CEPHALOSPORIN"
"ERR10391417","Escherichia coli",2018,"Madagascar","Animal","-","blaCTX-M-15","BETA-LACTAM","CEPHALOSPORIN"
"ERR10391418","Escherichia coli",2018,"Madagascar","Animal","21","blaCTX-M-15","BETA-LACTAM","CEPHALOSPORIN"
"ERR10391419","Escherichia coli",2018,"Madagascar","Animal","-","blaCTX-M-27","BETA-LACTAM","CEPHALOSPORIN"
"ERR10391420","Escherichia coli",2018,"Madagascar","Animal","1112","blaCTX-M-15","BETA-LACTAM","CEPHALOSPORIN"
"ERR10391421","Escherichia coli",2018,"Madagascar","Animal","132","blaCTX-M-15","BETA-LACTAM","CEPHALOSPORIN"
"ERR10391422","Escherichia coli",2018,"Madagascar","Animal","2","blaCTX-M-15","BETA-LACTAM","CEPHALOSPORIN"
"ERR10391423","Escherichia coli",2018,"Madagascar","Animal","637","blaCTX-M-15","BETA-LACTAM","CEPHALOSPORIN"
"ERR10391424","Escherichia coli",2018,"Madagascar","Animal","-","ompF_Q88STOP","BETA-LACTAM","CARBAPENEM"
"ERR10391424","Escherichia coli",2018,"Madagascar","Animal","-","blaCTX-M-15","BETA-LACTAM","CEPHALOSPORIN"
"ERR10391425","Escherichia coli",2018,"Madagascar","Animal","-","blaCTX-M-27","BETA-LACTAM","CEPHALOSPORIN"
"ERR10391426","Escherichia coli",2018,"Madagascar","Animal","83","blaCTX-M-15","BETA-LACTAM","CEPHALOSPORIN"
"ERR10391427","Escherichia coli",2018,"Madagascar","Animal","-","blaCTX-M-15","BETA-LACTAM","CEPHALOSPORIN"
"ERR10391428","Escherichia coli",2018,"Madagascar","Animal","-","blaCTX-M-27","BETA-LACTAM","CEPHALOSPORIN"
"ERR10391429","Escherichia coli",2018,"Madagascar","Animal","647","blaCTX-M-15","BETA-LACTAM","CEPHALOSPORIN"
"ERR10391430","Escherichia coli",2018,"Madagascar","Animal","-","blaCTX-M-27","BETA-LACTAM","CEPHALOSPORIN"
"ERR10391431","Escherichia coli",2018,"Madagascar","Animal","486","blaCTX-M-15","BETA-LACTAM","CEPHALOSPORIN"
"ERR10391432","Escherichia coli",2018,"Madagascar","Animal","-","blaCTX-M-27","BETA-LACTAM","CEPHALOSPORIN"
"ERR10391433","Escherichia coli",2018,"Madagascar","Animal","1112","blaCTX-M-15","BETA-LACTAM","CEPHALOSPORIN"
"ERR10391434","Escherichia coli",2018,"Madagascar","Animal","-","blaCTX-M-15","BETA-LACTAM","CEPHALOSPORIN"
"ERR10391435","Escherichia coli",2018,"Madagascar","Animal","-","blaCTX-M-27","BETA-LACTAM","CEPHALOSPORIN"
"ERR10391436","Escherichia coli",2018,"Madagascar","Animal","5","blaCTX-M-27","BETA-LACTAM","CEPHALOSPORIN"
"ERR10391437","Escherichia coli",2018,"Madagascar","Animal","-","blaCTX-M","BETA-LACTAM","CEPHALOSPORIN"
"ERR10391438","Escherichia coli",2018,"Madagascar","Animal","-","blaCTX-M-15","BETA-LACTAM","CEPHALOSPORIN"
"ERR10391439","Escherichia coli",2018,"Madagascar","Animal","-","blaCTX-M-15","BETA-LACTAM","CEPHALOSPORIN"
"ERR10391440","Escherichia coli",2018,"Madagascar","Animal","132","blaCTX-M-15","BETA-LACTAM","CEPHALOSPORIN"
"ERR10391441","Escherichia coli",2018,"Madagascar","Animal","532","blaCTX-M-14","BETA-LACTAM","CEPHALOSPORIN"
"ERR10391442","Escherichia coli",2018,"Madagascar","Animal","132","blaCTX-M-15","BETA-LACTAM","CEPHALOSPORIN"
"ERR10391443","Escherichia coli",2018,"Madagascar","Animal","-","blaCTX-M-27","BETA-LACTAM","CEPHALOSPORIN"
"ERR10391444","Escherichia coli",2018,"Madagascar","Animal","865","blaCTX-M-15","BETA-LACTAM","CEPHALOSPORIN"
"ERR10391445","Escherichia coli",2018,"Madagascar","Animal","-","blaCTX-M-15","BETA-LACTAM","CEPHALOSPORIN"
"ERR10391446","Escherichia coli",2018,"Madagascar","Animal","446","blaCTX-M-15","BETA-LACTAM","CEPHALOSPORIN"
"ERR10391447","Escherichia coli",2018,"Madagascar","Animal","-","blaCTX-M-15","BETA-LACTAM","CEPHALOSPORIN"
"ERR10391448","Escherichia coli",2018,"Madagascar","Animal","-","blaCTX-M-15","BETA-LACTAM","CEPHALOSPORIN"
"ERR10391449","Escherichia coli",2018,"Madagascar","Animal","-","blaCTX-M-15","BETA-LACTAM","CEPHALOSPORIN"
"ERR10391450","Escherichia coli",2018,"Madagascar","Animal","132","blaCTX-M-15","BETA-LACTAM","CEPHALOSPORIN"
"ERR10391451","Escherichia coli",2018,"Madagascar","Animal","87","blaCTX-M-15","BETA-LACTAM","CEPHALOSPORIN"
"ERR10391452","Escherichia coli",2018,"Madagascar","Animal","1112","blaCTX-M-15","BETA-LACTAM","CEPHALOSPORIN"
"ERR10391453","Escherichia coli",2018,"Madagascar","Animal","132","blaCTX-M-15","BETA-LACTAM","CEPHALOSPORIN"
"ERR10391454","Escherichia coli",2018,"Madagascar","Animal","347","blaCTX-M-15","BETA-LACTAM","CEPHALOSPORIN"
"ERR10391455","Escherichia coli",2018,"Madagascar","Animal","87","blaCTX-M-15","BETA-LACTAM","CEPHALOSPORIN"
"ERR10391456","Escherichia coli",2018,"Madagascar","Animal","1112","blaCTX-M-15","BETA-LACTAM","CEPHALOSPORIN"
"ERR10391457","Escherichia coli",2018,"Madagascar","Animal","132","blaCTX-M-15","BETA-LACTAM","CEPHALOSPORIN"
"ERR10391458","Escherichia coli",2018,"Madagascar","Animal","-","blaCTX-M-15","BETA-LACTAM","CEPHALOSPORIN"
"ERR10391459","Escherichia coli",2018,"Madagascar","Animal","-","blaCTX-M-15","BETA-LACTAM","CEPHALOSPORIN"
"ERR10391593","Escherichia coli",2018,"Madagascar","Animal","-","blaCTX-M-15","BETA-LACTAM","CEPHALOSPORIN"
"ERR10391594","Escherichia coli",2018,"Madagascar","Animal","-","blaCTX-M-15","BETA-LACTAM","CEPHALOSPORIN"
"ERR10391595","Escherichia coli",2018,"Madagascar","Animal","532","blaCTX-M-55","BETA-LACTAM","CEPHALOSPORIN"
"ERR10391596","Escherichia coli",2018,"Madagascar","Animal","132","blaCTX-M-15","BETA-LACTAM","CEPHALOSPORIN"
"ERR10391597","Escherichia coli",2018,"Madagascar","Environment","8","blaCTX-M-15","BETA-LACTAM","CEPHALOSPORIN"
"ERR10391598","Escherichia coli",2018,"Madagascar","Environment","-","blaCTX-M-15","BETA-LACTAM","CEPHALOSPORIN"
"ERR10391599","Escherichia coli",2018,"Madagascar","Environment","-","blaCTX-M-15","BETA-LACTAM","CEPHALOSPORIN"
"ERR10391600","Escherichia coli",2018,"Madagascar","Environment","506","blaCTX-M-14","BETA-LACTAM","CEPHALOSPORIN"
"ERR10391601","Escherichia coli",2018,"Madagascar","Environment","2","blaCTX-M-15","BETA-LACTAM","CEPHALOSPORIN"
"ERR10391602","Escherichia coli",2018,"Madagascar","Environment","132","blaCTX-M-15","BETA-LACTAM","CEPHALOSPORIN"
"ERR10391603","Escherichia coli",2018,"Madagascar","Environment","8","blaCTX-M-15","BETA-LACTAM","CEPHALOSPORIN"
"ERR10391603","Escherichia coli",2018,"Madagascar","Environment","8","blaOXA-1","BETA-LACTAM","CEPHALOSPORIN"
"ERR10391604","Escherichia coli",2018,"Madagascar","Environment","-","blaCTX-M-15","BETA-LACTAM","CEPHALOSPORIN"
"ERR10391605","Escherichia coli",2018,"Madagascar","Environment","-","blaCTX-M-15","BETA-LACTAM","CEPHALOSPORIN"
"ERR10391606","Escherichia coli",2018,"Madagascar","Environment","-","blaCTX-M-15","BETA-LACTAM","CEPHALOSPORIN"
"ERR10391607","Escherichia coli",2018,"Madagascar","Environment","87","blaCTX-M-15","BETA-LACTAM","CEPHALOSPORIN"
"ERR10391608","Escherichia coli",2018,"Madagascar","Environment","730","blaCTX-M-1","BETA-LACTAM","CEPHALOSPORIN"
"ERR10391609","Escherichia coli",2018,"Madagascar","Environment","-","blaCTX-M-15","BETA-LACTAM","CEPHALOSPORIN"
"ERR10391610","Escherichia coli",2018,"Madagascar","Environment","537","blaCTX-M-15","BETA-LACTAM","CEPHALOSPORIN"
"ERR10391610","Escherichia coli",2018,"Madagascar","Environment","537","ftsI_I336IKYRI","BETA-LACTAM","AZTREONAM/CEFIDEROCOL/CEPHALOSPORIN"
"ERR10391611","Escherichia coli",2018,"Madagascar","Environment","637","blaCTX-M-15","BETA-LACTAM","CEPHALOSPORIN"
"ERR10391612","Escherichia coli",2018,"Madagascar","Environment","2","blaCTX-M-15","BETA-LACTAM","CEPHALOSPORIN"
"ERR10391613","Escherichia coli",2018,"Madagascar","Environment","2","blaCTX-M-27","BETA-LACTAM","CEPHALOSPORIN"
"ERR10391614","Escherichia coli",2018,"Madagascar","Environment","132","blaCTX-M-15","BETA-LACTAM","CEPHALOSPORIN"
"ERR10391615","Escherichia coli",2018,"Madagascar","Environment","86","blaCTX-M-15","BETA-LACTAM","CEPHALOSPORIN"
"ERR10391616","Escherichia coli",2018,"Madagascar","Environment","692","ompC_R195L","BETA-LACTAM","CARBAPENEM"
"ERR10391616","Escherichia coli",2018,"Madagascar","Environment","692","blaCMY-2","BETA-LACTAM","CEPHALOSPORIN"
"ERR10391616","Escherichia coli",2018,"Madagascar","Environment","692","blaCTX-M-55","BETA-LACTAM","CEPHALOSPORIN"
"ERR10391616","Escherichia coli",2018,"Madagascar","Environment","692","blaOXA-1","BETA-LACTAM","CEPHALOSPORIN"
"ERR10391616","Escherichia coli",2018,"Madagascar","Environment","692","ftsI_N337NYRIN","BETA-LACTAM","AZTREONAM/CEFIDEROCOL/CEPHALOSPORIN"
"ERR10391617","Escherichia coli",2018,"Madagascar","Environment","2","blaCTX-M-15","BETA-LACTAM","CEPHALOSPORIN"
"ERR10391618","Escherichia coli",2018,"Madagascar","Environment","-","blaCTX-M-15","BETA-LACTAM","CEPHALOSPORIN"
"ERR10391619","Escherichia coli",2018,"Madagascar","Environment","486","blaCTX-M-15","BETA-LACTAM","CEPHALOSPORIN"
"ERR10391620","Escherichia coli",2018,"Madagascar","Environment","-","blaCTX-M-15","BETA-LACTAM","CEPHALOSPORIN"
"ERR10391621","Escherichia coli",2018,"Madagascar","Environment","-","blaCTX-M-15","BETA-LACTAM","CEPHALOSPORIN"
"ERR10391672","Escherichia coli",2018,"Madagascar","Environment","-","blaCTX-M-15","BETA-LACTAM","CEPHALOSPORIN"
"ERR10391673","Escherichia coli",2018,"Madagascar","Environment","-","blaCTX-M-15","BETA-LACTAM","CEPHALOSPORIN"
"ERR10391674","Escherichia coli",2018,"Madagascar","Environment","-","blaCTX-M-15","BETA-LACTAM","CEPHALOSPORIN"
"ERR10391675","Escherichia coli",2018,"Madagascar","Environment","446","blaCTX-M","BETA-LACTAM","CEPHALOSPORIN"
"ERR10391675","Escherichia coli",2018,"Madagascar","Environment","446","blaDHA-1","BETA-LACTAM","CEPHALOSPORIN"
"ERR10391678","Escherichia coli",2018,"Madagascar","Environment","925","blaCTX-M-15","BETA-LACTAM","CEPHALOSPORIN"
"ERR10391680","Escherichia coli",2018,"Madagascar","Environment","-","blaCTX-M-15","BETA-LACTAM","CEPHALOSPORIN"
"ERR10391681","Escherichia coli",2018,"Madagascar","Environment","730","blaCTX-M-1","BETA-LACTAM","CEPHALOSPORIN"
"ERR10391682","Escherichia coli",2018,"Madagascar","Environment","2","blaCTX-M-15","BETA-LACTAM","CEPHALOSPORIN"
"ERR10391682","Escherichia coli",2018,"Madagascar","Environment","2","blaOXA-1","BETA-LACTAM","CEPHALOSPORIN"
"ERR10391683","Escherichia coli",2018,"Madagascar","Environment","-","blaCTX-M-15","BETA-LACTAM","CEPHALOSPORIN"
"ERR10391684","Escherichia coli",2018,"Madagascar","Environment","86","blaCTX-M-15","BETA-LACTAM","CEPHALOSPORIN"
"ERR10391685","Escherichia coli",2018,"Madagascar","Environment","-","blaCTX-M-15","BETA-LACTAM","CEPHALOSPORIN"
"ERR10391686","Escherichia coli",2018,"Madagascar","Environment","-","blaCTX-M-15","BETA-LACTAM","CEPHALOSPORIN"
"ERR10391687","Escherichia coli",2018,"Madagascar","Environment","856","blaCTX-M-15","BETA-LACTAM","CEPHALOSPORIN"
"ERR10391688","Escherichia coli",2018,"Madagascar","Environment","-","blaCTX-M-15","BETA-LACTAM","CEPHALOSPORIN"
"ERR10391689","Escherichia coli",2018,"Madagascar","Environment","488","blaCTX-M-15","BETA-LACTAM","CEPHALOSPORIN"
"ERR10391690","Escherichia coli",2018,"Madagascar","Environment","1088","blaCTX-M-15","BETA-LACTAM","CEPHALOSPORIN"
"ERR10391691","Escherichia coli",2018,"Madagascar","Environment","21","blaCTX-M-55","BETA-LACTAM","CEPHALOSPORIN"
"ERR10391692","Escherichia coli",2018,"Madagascar","Environment","-","blaCTX-M-15","BETA-LACTAM","CEPHALOSPORIN"
"ERR10391693","Escherichia coli",2018,"Madagascar","Environment","692","ompC_R195L","BETA-LACTAM","CARBAPENEM"
"ERR10391693","Escherichia coli",2018,"Madagascar","Environment","692","blaCMY-2","BETA-LACTAM","CEPHALOSPORIN"
"ERR10391693","Escherichia coli",2018,"Madagascar","Environment","692","blaCTX-M-15","BETA-LACTAM","CEPHALOSPORIN"
"ERR10391693","Escherichia coli",2018,"Madagascar","Environment","692","blaOXA-1","BETA-LACTAM","CEPHALOSPORIN"
"ERR10391693","Escherichia coli",2018,"Madagascar","Environment","692","ftsI_N337NYRIN","BETA-LACTAM","AZTREONAM/CEFIDEROCOL/CEPHALOSPORIN"
"ERR10391694","Escherichia coli",2018,"Madagascar","Environment","1088","blaCTX-M-15","BETA-LACTAM","CEPHALOSPORIN"
"ERR10391695","Escherichia coli",2018,"Madagascar","Environment","132","blaCTX-M-15","BETA-LACTAM","CEPHALOSPORIN"
"ERR10391696","Escherichia coli",2018,"Madagascar","Environment","506","blaCTX-M-14","BETA-LACTAM","CEPHALOSPORIN"
"ERR10391697","Escherichia coli",2018,"Madagascar","Environment","44","blaCTX-M-15","BETA-LACTAM","CEPHALOSPORIN"
"ERR10391697","Escherichia coli",2018,"Madagascar","Environment","44","blaOXA-1","BETA-LACTAM","CEPHALOSPORIN"
"ERR10391698","Escherichia coli",2018,"Madagascar","Environment","741","blaOXA-1","BETA-LACTAM","CEPHALOSPORIN"
"ERR10391698","Escherichia coli",2018,"Madagascar","Environment","741","blaCTX-M-15","BETA-LACTAM","CEPHALOSPORIN"
"ERR10391699","Escherichia coli",2018,"Madagascar","Environment","39","blaCTX-M-15","BETA-LACTAM","CEPHALOSPORIN"
"ERR10391700","Escherichia coli",2018,"Madagascar","Environment","-","blaCTX-M-15","BETA-LACTAM","CEPHALOSPORIN"
"ERR10391701","Escherichia coli",2018,"Madagascar","Environment","2","blaOXA-1","BETA-LACTAM","CEPHALOSPORIN"
"ERR10391701","Escherichia coli",2018,"Madagascar","Environment","2","blaCTX-M-15","BETA-LACTAM","CEPHALOSPORIN"
"ERR10391702","Escherichia coli",2018,"Madagascar","Environment","132","blaCTX-M-15","BETA-LACTAM","CEPHALOSPORIN"
"ERR10391703","Escherichia coli",2018,"Madagascar","Environment","2","blaCTX-M-15","BETA-LACTAM","CEPHALOSPORIN"
"ERR10391704","Escherichia coli",2018,"Madagascar","Environment","692","blaCMY-2","BETA-LACTAM","CEPHALOSPORIN"
"ERR10391704","Escherichia coli",2018,"Madagascar","Environment","692","ompC_R195L","BETA-LACTAM","CARBAPENEM"
"ERR10391704","Escherichia coli",2018,"Madagascar","Environment","692","blaCTX-M-15","BETA-LACTAM","CEPHALOSPORIN"
"ERR10391704","Escherichia coli",2018,"Madagascar","Environment","692","blaOXA-1","BETA-LACTAM","CEPHALOSPORIN"
"ERR10391704","Escherichia coli",2018,"Madagascar","Environment","692","ftsI_N337NYRIN","BETA-LACTAM","AZTREONAM/CEFIDEROCOL/CEPHALOSPORIN"
"ERR10391705","Escherichia coli",2018,"Madagascar","Environment","8","blaCTX-M-27","BETA-LACTAM","CEPHALOSPORIN"
"ERR10391706","Escherichia coli",2018,"Madagascar","Environment","1110","blaCTX-M-15","BETA-LACTAM","CEPHALOSPORIN"
"ERR10391707","Escherichia coli",2018,"Madagascar","Environment","-","blaCTX-M-15","BETA-LACTAM","CEPHALOSPORIN"
"ERR10391708","Escherichia coli",2018,"Madagascar","Environment","506","blaCTX-M-14","BETA-LACTAM","CEPHALOSPORIN"
"ERR10391709","Escherichia coli",2018,"Madagascar","Environment","-","blaCTX-M-15","BETA-LACTAM","CEPHALOSPORIN"
"ERR10391710","Escherichia coli",2018,"Madagascar","Environment","-","blaCTX-M-15","BETA-LACTAM","CEPHALOSPORIN"
"ERR10391711","Escherichia coli",2018,"Madagascar","Environment","-","blaCTX-M-15","BETA-LACTAM","CEPHALOSPORIN"
"ERR10391712","Escherichia coli",2018,"Madagascar","Environment","87","blaCTX-M-15","BETA-LACTAM","CEPHALOSPORIN"
"ERR10391713","Escherichia coli",2018,"Madagascar","Environment","692","ompC_R195L","BETA-LACTAM","CARBAPENEM"
"ERR10391713","Escherichia coli",2018,"Madagascar","Environment","692","blaCMY-2","BETA-LACTAM","CEPHALOSPORIN"
"ERR10391713","Escherichia coli",2018,"Madagascar","Environment","692","blaCTX-M-15","BETA-LACTAM","CEPHALOSPORIN"
"ERR10391713","Escherichia coli",2018,"Madagascar","Environment","692","ftsI_N337NYRIN","BETA-LACTAM","AZTREONAM/CEFIDEROCOL/CEPHALOSPORIN"
"ERR10391713","Escherichia coli",2018,"Madagascar","Environment","692","blaOXA-1","BETA-LACTAM","CEPHALOSPORIN"
"ERR10391714","Escherichia coli",2018,"Madagascar","Environment","39","blaCTX-M-15","BETA-LACTAM","CEPHALOSPORIN"
"ERR10391715","Escherichia coli",2018,"Madagascar","Environment","2","blaCTX-M-15","BETA-LACTAM","CEPHALOSPORIN"
"ERR10391716","Escherichia coli",2018,"Madagascar","Environment","2","blaCTX-M-15","BETA-LACTAM","CEPHALOSPORIN"
"ERR10391716","Escherichia coli",2018,"Madagascar","Environment","2","blaOXA-1","BETA-LACTAM","CEPHALOSPORIN"
"ERR10391717","Escherichia coli",2018,"Madagascar","Environment","132","blaCTX-M-15","BETA-LACTAM","CEPHALOSPORIN"
"ERR10391718","Escherichia coli",2018,"Madagascar","Environment","471","blaCTX-M-27","BETA-LACTAM","CEPHALOSPORIN"
"ERR10391718","Escherichia coli",2018,"Madagascar","Environment","471","blaCTX-M-15","BETA-LACTAM","CEPHALOSPORIN"
"ERR10391718","Escherichia coli",2018,"Madagascar","Environment","471","ftsI_I336IKYRI","BETA-LACTAM","AZTREONAM/CEFIDEROCOL/CEPHALOSPORIN"
"ERR10391718","Escherichia coli",2018,"Madagascar","Environment","471","blaOXA-1","BETA-LACTAM","CEPHALOSPORIN"
"ERR10391719","Escherichia coli",2018,"Madagascar","Environment","1088","blaCTX-M-15","BETA-LACTAM","CEPHALOSPORIN"
"ERR10391720","Escherichia coli",2018,"Madagascar","Environment","692","blaCMY-2","BETA-LACTAM","CEPHALOSPORIN"
"ERR10391720","Escherichia coli",2018,"Madagascar","Environment","692","ompC_R195L","BETA-LACTAM","CARBAPENEM"
"ERR10391720","Escherichia coli",2018,"Madagascar","Environment","692","blaCTX-M-15","BETA-LACTAM","CEPHALOSPORIN"
"ERR10391720","Escherichia coli",2018,"Madagascar","Environment","692","ftsI_N337NYRIN","BETA-LACTAM","AZTREONAM/CEFIDEROCOL/CEPHALOSPORIN"
"ERR10391720","Escherichia coli",2018,"Madagascar","Environment","692","blaOXA-1","BETA-LACTAM","CEPHALOSPORIN"
"ERR10391721","Escherichia coli",2018,"Madagascar","Environment","506","blaCTX-M-14","BETA-LACTAM","CEPHALOSPORIN"
"ERR10391722","Escherichia coli",2018,"Madagascar","Environment","506","blaCTX-M-27","BETA-LACTAM","CEPHALOSPORIN"
"ERR10391723","Escherichia coli",2018,"Madagascar","Environment","2","blaCTX-M-27","BETA-LACTAM","CEPHALOSPORIN"
"ERR10391724","Escherichia coli",2018,"Madagascar","Environment","692","blaCMY-2","BETA-LACTAM","CEPHALOSPORIN"
"ERR10391724","Escherichia coli",2018,"Madagascar","Environment","692","ompC_R195L","BETA-LACTAM","CARBAPENEM"
"ERR10391724","Escherichia coli",2018,"Madagascar","Environment","692","blaCTX-M-15","BETA-LACTAM","CEPHALOSPORIN"
"ERR10391724","Escherichia coli",2018,"Madagascar","Environment","692","blaOXA-1","BETA-LACTAM","CEPHALOSPORIN"
"ERR10391724","Escherichia coli",2018,"Madagascar","Environment","692","ftsI_N337NYRIN","BETA-LACTAM","AZTREONAM/CEFIDEROCOL/CEPHALOSPORIN"
"ERR10391725","Escherichia coli",2018,"Madagascar","Environment","-","blaCTX-M-15","BETA-LACTAM","CEPHALOSPORIN"
"ERR11268687","Escherichia coli",2020,"Uganda","Human","-","blaCTX-M-137","BETA-LACTAM","CEPHALOSPORIN"
"ERR11268686","Escherichia coli",2020,"Uganda","Human","471","ftsI_I336IKYRI","BETA-LACTAM","AZTREONAM/CEFIDEROCOL/CEPHALOSPORIN"
"ERR11268686","Escherichia coli",2020,"Uganda","Human","471","blaCTX-M-15","BETA-LACTAM","CEPHALOSPORIN"
"ERR11268685","Escherichia coli",2020,"Uganda","Human","8","blaCTX-M-15","BETA-LACTAM","CEPHALOSPORIN"
"ERR11268684","Escherichia coli",2020,"Uganda","Human","632","blaCTX-M-15","BETA-LACTAM","CEPHALOSPORIN"
"ERR11268683","Escherichia coli",2020,"Uganda","Human","999","blaCTX-M-55","BETA-LACTAM","CEPHALOSPORIN"
"ERR11268682","Escherichia coli",2020,"Uganda","Human","-","blaCTX-M-15","BETA-LACTAM","CEPHALOSPORIN"
"ERR11268681","Escherichia coli",2020,"Uganda","Human","21",NA,NA,NA
"ERR11268680","Escherichia coli",2020,"Uganda","Human","-","blaCTX-M","BETA-LACTAM","CEPHALOSPORIN"
"ERR11268679","Escherichia coli",2020,"Uganda","Human","8","blaCTX-M-15","BETA-LACTAM","CEPHALOSPORIN"
"ERR11268678","Escherichia coli",2020,"Uganda","Human","-","blaCTX-M","BETA-LACTAM","CEPHALOSPORIN"
"ERR11268677","Escherichia coli",2020,"Uganda","Human","-","blaCTX-M-15","BETA-LACTAM","CEPHALOSPORIN"
"ERR11268677","Escherichia coli",2020,"Uganda","Human","-","blaOXA-1","BETA-LACTAM","CEPHALOSPORIN"
"ERR11268676","Escherichia coli",2020,"Uganda","Human","692","ompC_R195L","BETA-LACTAM","CARBAPENEM"
"ERR11268676","Escherichia coli",2020,"Uganda","Human","692","blaCTX-M-25","BETA-LACTAM","CEPHALOSPORIN"
"ERR11268676","Escherichia coli",2020,"Uganda","Human","692","ftsI_N337NYRIN","BETA-LACTAM","AZTREONAM/CEFIDEROCOL/CEPHALOSPORIN"
"ERR11268676","Escherichia coli",2020,"Uganda","Human","692","blaCMY-2","BETA-LACTAM","CEPHALOSPORIN"
"ERR11268676","Escherichia coli",2020,"Uganda","Human","692","blaCTX-M-15","BETA-LACTAM","CEPHALOSPORIN"
"ERR11268676","Escherichia coli",2020,"Uganda","Human","692","blaOXA-1","BETA-LACTAM","CEPHALOSPORIN"
"ERR11268675","Escherichia coli",2020,"Uganda","Human","323",NA,NA,NA
"ERR11268674","Escherichia coli",2020,"Uganda","Human","-","blaCTX-M-15","BETA-LACTAM","CEPHALOSPORIN"
"ERR11268673","Escherichia coli",2020,"Uganda","Human","9","blaCTX-M-15","BETA-LACTAM","CEPHALOSPORIN"
"ERR11268672","Escherichia coli",2020,"Uganda","Human","-","blaCTX-M-15","BETA-LACTAM","CEPHALOSPORIN"
"ERR11268671","Escherichia coli",2020,"Uganda","Human","506","blaCTX-M-15","BETA-LACTAM","CEPHALOSPORIN"
"ERR11268670","Escherichia coli",2020,"Uganda","Human","471","ftsI_I336IKYRI","BETA-LACTAM","AZTREONAM/CEFIDEROCOL/CEPHALOSPORIN"
"ERR11268670","Escherichia coli",2020,"Uganda","Human","471","blaCTX-M-15","BETA-LACTAM","CEPHALOSPORIN"
"ERR11268670","Escherichia coli",2020,"Uganda","Human","471","blaOXA-1","BETA-LACTAM","CEPHALOSPORIN"
"ERR11268669","Escherichia coli",2020,"Uganda","Human","-","blaCTX-M-15","BETA-LACTAM","CEPHALOSPORIN"
"ERR11268668","Escherichia coli",2020,"Uganda","Human","-","blaCTX-M-15","BETA-LACTAM","CEPHALOSPORIN"
"ERR11268667","Escherichia coli",2020,"Uganda","Human","-",NA,NA,NA
"ERR11268666","Escherichia coli",2020,"Uganda","Human","681","blaCTX-M-15","BETA-LACTAM","CEPHALOSPORIN"
"ERR11268665","Escherichia coli",2020,"Uganda","Human","39","blaCTX-M-55","BETA-LACTAM","CEPHALOSPORIN"
"ERR11268664","Escherichia coli",2020,"Uganda","Human","2","blaCTX-M-15","BETA-LACTAM","CEPHALOSPORIN"
"ERR11268663","Escherichia coli",2020,"Uganda","Human","632","blaCTX-M-55","BETA-LACTAM","CEPHALOSPORIN"
"ERR11268662","Escherichia coli",2020,"Uganda","Human","-",NA,NA,NA
"ERR11268661","Escherichia coli",2020,"Uganda","Human","53","blaEC-5","BETA-LACTAM","CEPHALOSPORIN"
"ERR11268661","Escherichia coli",2020,"Uganda","Human","53","blaCTX-M-15","BETA-LACTAM","CEPHALOSPORIN"
"ERR11268661","Escherichia coli",2020,"Uganda","Human","53","blaOXA-1","BETA-LACTAM","CEPHALOSPORIN"
"ERR11268660","Escherichia coli",2020,"Uganda","Human","84","blaCTX-M-27","BETA-LACTAM","CEPHALOSPORIN"
"ERR11268659","Escherichia coli",2020,"Uganda","Human","2","ftsI_N337NYRIN","BETA-LACTAM","AZTREONAM/CEFIDEROCOL/CEPHALOSPORIN"
"ERR11268659","Escherichia coli",2020,"Uganda","Human","2","blaCTX-M-15","BETA-LACTAM","CEPHALOSPORIN"
"ERR11268659","Escherichia coli",2020,"Uganda","Human","2","blaTEM-169","BETA-LACTAM","CEPHALOSPORIN"
"ERR11268658","Escherichia coli",2020,"Uganda","Human","53","blaEC-5","BETA-LACTAM","CEPHALOSPORIN"
"ERR11268658","Escherichia coli",2020,"Uganda","Human","53","blaCTX-M-15","BETA-LACTAM","CEPHALOSPORIN"
"ERR11268658","Escherichia coli",2020,"Uganda","Human","53","blaOXA-1","BETA-LACTAM","CEPHALOSPORIN"
"ERR11268657","Escherichia coli",2020,"Uganda","Human","-",NA,NA,NA
"ERR11268656","Escherichia coli",2020,"Uganda","Human","-",NA,NA,NA
"ERR11268655","Escherichia coli",2020,"Uganda","Human","666",NA,NA,NA
"ERR11268654","Escherichia coli",2020,"Uganda","Human","511","blaCTX-M-15","BETA-LACTAM","CEPHALOSPORIN"
"ERR11268653","Escherichia coli",2020,"Uganda","Human","-","blaCTX-M-15","BETA-LACTAM","CEPHALOSPORIN"
"ERR11268652","Escherichia coli",2020,"Uganda","Human","35","blaCTX-M-15","BETA-LACTAM","CEPHALOSPORIN"
"ERR11268651","Escherichia coli",2020,"Uganda","Human","-",NA,NA,NA
"ERR11268650","Escherichia coli",2020,"Uganda","Human","-","blaCTX-M-15","BETA-LACTAM","CEPHALOSPORIN"
"ERR11268649","Escherichia coli",2020,"Uganda","Human","-",NA,NA,NA
"ERR11268648","Escherichia coli",2020,"Uganda","Human","506","blaCTX-M-15","BETA-LACTAM","CEPHALOSPORIN"
"ERR11268647","Escherichia coli",2020,"Uganda","Human","-","blaCTX-M-15","BETA-LACTAM","CEPHALOSPORIN"
"ERR11268646","Escherichia coli",2020,"Uganda","Human","-",NA,NA,NA
"ERR11268645","Escherichia coli",2020,"Uganda","Human","5",NA,NA,NA
"ERR11268644","Escherichia coli",2020,"Uganda","Human","-",NA,NA,NA
"ERR11268643","Escherichia coli",2020,"Uganda","Human","2",NA,NA,NA
"ERR11268642","Escherichia coli",2020,"Uganda","Human","-","blaCTX-M-15","BETA-LACTAM","CEPHALOSPORIN"
"ERR11268641","Escherichia coli",2020,"Uganda","Human","398","blaCTX-M-15","BETA-LACTAM","CEPHALOSPORIN"
"ERR11268640","Escherichia coli",2020,"Uganda","Human","650","ftsI_N337NYRIN","BETA-LACTAM","AZTREONAM/CEFIDEROCOL/CEPHALOSPORIN"
"ERR11268640","Escherichia coli",2020,"Uganda","Human","650","blaCTX-M-15","BETA-LACTAM","CEPHALOSPORIN"
"ERR11268639","Escherichia coli",2020,"Uganda","Human","-","blaCTX-M-15","BETA-LACTAM","CEPHALOSPORIN"
"ERR11268638","Escherichia coli",2020,"Uganda","Human","-","blaCTX-M-15","BETA-LACTAM","CEPHALOSPORIN"
"ERR11268637","Escherichia coli",2020,"Uganda","Human","-","blaCTX-M-15","BETA-LACTAM","CEPHALOSPORIN"
"ERR11268636","Escherichia coli",2020,"Uganda","Human","3","blaCTX-M-15","BETA-LACTAM","CEPHALOSPORIN"
"ERR11268635","Escherichia coli",2020,"Uganda","Human","-","blaCTX-M","BETA-LACTAM","CEPHALOSPORIN"
"ERR11268634","Escherichia coli",2020,"Uganda","Human","-","blaCTX-M-15","BETA-LACTAM","CEPHALOSPORIN"
"ERR11268633","Escherichia coli",2020,"Uganda","Human","-","blaCTX-M-15","BETA-LACTAM","CEPHALOSPORIN"
"ERR11268632","Escherichia coli",2020,"Uganda","Human","342",NA,NA,NA
"ERR11268631","Escherichia coli",2020,"Uganda","Human","678","blaCTX-M-15","BETA-LACTAM","CEPHALOSPORIN"
"ERR11268630","Escherichia coli",2020,"Uganda","Human","632","blaCTX-M-15","BETA-LACTAM","CEPHALOSPORIN"
"ERR11268629","Escherichia coli",2020,"Uganda","Human","-","blaCTX-M-15","BETA-LACTAM","CEPHALOSPORIN"
"ERR11268628","Escherichia coli",2020,"Uganda","Human","3","blaCMY-2","BETA-LACTAM","CEPHALOSPORIN"
"ERR11268627","Escherichia coli",2020,"Uganda","Human","-","blaCTX-M-15","BETA-LACTAM","CEPHALOSPORIN"
"ERR11268626","Escherichia coli",2020,"Uganda","Human","1088","blaCTX-M-15","BETA-LACTAM","CEPHALOSPORIN"
"ERR11268625","Escherichia coli",2020,"Uganda","Human","-",NA,NA,NA
"ERR11268624","Escherichia coli",2020,"Uganda","Human","942","blaCTX-M-15","BETA-LACTAM","CEPHALOSPORIN"
"ERR11268623","Escherichia coli",2020,"Uganda","Human","-","blaCTX-M-15","BETA-LACTAM","CEPHALOSPORIN"
"ERR11268622","Escherichia coli",2020,"Uganda","Human",NA,NA,NA,NA
"ERR11268621","Escherichia coli",2020,"Uganda","Human","53","blaEC-5","BETA-LACTAM","CEPHALOSPORIN"
"ERR11268621","Escherichia coli",2020,"Uganda","Human","53","blaCTX-M-15","BETA-LACTAM","CEPHALOSPORIN"
"ERR11968319","Escherichia coli",NA,"Tanzania","Human","2","blaCTX-M-27","BETA-LACTAM","CEPHALOSPORIN"
"ERR11968324","Escherichia coli",NA,"Tanzania","Human","89","blaCTX-M-15","BETA-LACTAM","CEPHALOSPORIN"
"ERR11968325","Escherichia coli",NA,"Tanzania","Human","-","blaCTX-M-15","BETA-LACTAM","CEPHALOSPORIN"
"ERR11968326","Escherichia coli",NA,"Tanzania","Human","53","blaEC-5","BETA-LACTAM","CEPHALOSPORIN"
"ERR11968326","Escherichia coli",NA,"Tanzania","Human","53","blaCTX-M-15","BETA-LACTAM","CEPHALOSPORIN"
"ERR11968326","Escherichia coli",NA,"Tanzania","Human","53","blaOXA-1","BETA-LACTAM","CEPHALOSPORIN"
"ERR11968327","Escherichia coli",NA,"Tanzania","Human","479","blaCTX-M-15","BETA-LACTAM","CEPHALOSPORIN"
"ERR11968328","Escherichia coli",NA,"Tanzania","Human","479","blaCTX-M-15","BETA-LACTAM","CEPHALOSPORIN"
"ERR11968329","Escherichia coli",NA,"Tanzania","Human","541","blaCTX-M-15","BETA-LACTAM","CEPHALOSPORIN"
"ERR11968330","Escherichia coli",NA,"Tanzania","Human","692","ftsI_N337NYRIN","BETA-LACTAM","AZTREONAM/CEFIDEROCOL/CEPHALOSPORIN"
"ERR11968330","Escherichia coli",NA,"Tanzania","Human","692","blaCMY-2","BETA-LACTAM","CEPHALOSPORIN"
"ERR11968330","Escherichia coli",NA,"Tanzania","Human","692","blaOXA-181","BETA-LACTAM","CARBAPENEM"
"ERR11968330","Escherichia coli",NA,"Tanzania","Human","692","ompC_R195L","BETA-LACTAM","CARBAPENEM"
"ERR11968330","Escherichia coli",NA,"Tanzania","Human","692","blaCTX-M-15","BETA-LACTAM","CEPHALOSPORIN"
"ERR11968330","Escherichia coli",NA,"Tanzania","Human","692","blaOXA-1","BETA-LACTAM","CEPHALOSPORIN"
"ERR11968332","Escherichia coli",NA,"Tanzania","Human","471","blaCTX-M-15","BETA-LACTAM","CEPHALOSPORIN"
"ERR11968332","Escherichia coli",NA,"Tanzania","Human","471","ftsI_I336IKYRI","BETA-LACTAM","AZTREONAM/CEFIDEROCOL/CEPHALOSPORIN"
"ERR11968333","Escherichia coli",NA,"Tanzania","Human","649","blaCTX-M-15","BETA-LACTAM","CEPHALOSPORIN"
"ERR11968334","Escherichia coli",NA,"Tanzania","Human","479","blaCTX-M-15","BETA-LACTAM","CEPHALOSPORIN"
"ERR11968335","Escherichia coli",NA,"Tanzania","Human","-","blaCTX-M-15","BETA-LACTAM","CEPHALOSPORIN"
"ERR11968336","Escherichia coli",NA,"Tanzania","Human","43","blaOXA-1","BETA-LACTAM","CEPHALOSPORIN"
"ERR11968336","Escherichia coli",NA,"Tanzania","Human","43","blaCTX-M-15","BETA-LACTAM","CEPHALOSPORIN"
"ERR11968337","Escherichia coli",NA,"Tanzania","Human","-","blaCTX-M-15","BETA-LACTAM","CEPHALOSPORIN"
"ERR11968339","Escherichia coli",NA,"Tanzania","Human","89","blaCTX-M-15","BETA-LACTAM","CEPHALOSPORIN"
"ERR11968341","Escherichia coli",NA,"Tanzania","Human","700","blaCTX-M-15","BETA-LACTAM","CEPHALOSPORIN"
"ERR11968342","Escherichia coli",NA,"Tanzania","Human","-","blaCTX-M","BETA-LACTAM","CEPHALOSPORIN"
"ERR11968344","Escherichia coli",NA,"Tanzania","Human","471","blaOXA-1","BETA-LACTAM","CEPHALOSPORIN"
"ERR11968344","Escherichia coli",NA,"Tanzania","Human","471","ftsI_I336IKYRI","BETA-LACTAM","AZTREONAM/CEFIDEROCOL/CEPHALOSPORIN"
"ERR11968344","Escherichia coli",NA,"Tanzania","Human","471","blaCTX-M-15","BETA-LACTAM","CEPHALOSPORIN"
"ERR11968345","Escherichia coli",NA,"Tanzania","Human","-","blaCTX-M-15","BETA-LACTAM","CEPHALOSPORIN"
"ERR11968347","Escherichia coli",NA,"Tanzania","Human","-","blaCTX-M-15","BETA-LACTAM","CEPHALOSPORIN"
"ERR11968348","Escherichia coli",NA,"Tanzania","Human","-","blaCTX-M-15","BETA-LACTAM","CEPHALOSPORIN"
"ERR11968351","Escherichia coli",NA,"Tanzania","Human","-","blaCTX-M-15","BETA-LACTAM","CEPHALOSPORIN"
"ERR11968352","Escherichia coli",NA,"Tanzania","Human","-","blaCTX-M-15","BETA-LACTAM","CEPHALOSPORIN"
"ERR11968353","Escherichia coli",NA,"Tanzania","Human","941","blaCTX-M-15","BETA-LACTAM","CEPHALOSPORIN"
"ERR11968354","Escherichia coli",NA,"Tanzania","Human","479","blaTEM-169","BETA-LACTAM","CEPHALOSPORIN"
"ERR11968354","Escherichia coli",NA,"Tanzania","Human","479","blaCTX-M-15","BETA-LACTAM","CEPHALOSPORIN"
"ERR11968355","Escherichia coli",NA,"Tanzania","Human","471","blaCTX-M-15","BETA-LACTAM","CEPHALOSPORIN"
"ERR11968355","Escherichia coli",NA,"Tanzania","Human","471","ftsI_I336IKYRI","BETA-LACTAM","AZTREONAM/CEFIDEROCOL/CEPHALOSPORIN"
"ERR11968357","Escherichia coli",NA,"Tanzania","Human","471","blaCTX-M-15","BETA-LACTAM","CEPHALOSPORIN"
"ERR11968357","Escherichia coli",NA,"Tanzania","Human","471","blaOXA-1","BETA-LACTAM","CEPHALOSPORIN"
"ERR11968358","Escherichia coli",NA,"Tanzania","Human","-","blaOXA-1","BETA-LACTAM","CEPHALOSPORIN"
"ERR11968358","Escherichia coli",NA,"Tanzania","Human","-","blaCTX-M-15","BETA-LACTAM","CEPHALOSPORIN"
"ERR11968361","Escherichia coli",NA,"Tanzania","Human","-","blaCTX-M-15","BETA-LACTAM","CEPHALOSPORIN"
"ERR11968362","Escherichia coli",NA,"Tanzania","Human","-","blaCTX-M-15","BETA-LACTAM","CEPHALOSPORIN"
"ERR11968363","Escherichia coli",NA,"Tanzania","Human","-","blaCTX-M-15","BETA-LACTAM","CEPHALOSPORIN"
"ERR11968364","Escherichia coli",NA,"Tanzania","Human","-","blaCTX-M-15","BETA-LACTAM","CEPHALOSPORIN"
"ERR11968365","Escherichia coli",NA,"Tanzania","Human","-","blaCTX-M-15","BETA-LACTAM","CEPHALOSPORIN"
"ERR11968368","Escherichia coli",NA,"Tanzania","Human","-","blaCTX-M-15","BETA-LACTAM","CEPHALOSPORIN"
"ERR11968369","Escherichia coli",NA,"Tanzania","Human","-","blaCTX-M-15","BETA-LACTAM","CEPHALOSPORIN"
"ERR11968370","Escherichia coli",NA,"Tanzania","Human","479","blaTEM-169","BETA-LACTAM","CEPHALOSPORIN"
"ERR11968370","Escherichia coli",NA,"Tanzania","Human","479","blaCTX-M-15","BETA-LACTAM","CEPHALOSPORIN"
"ERR11968371","Escherichia coli",NA,"Tanzania","Human","479","blaCTX-M-15","BETA-LACTAM","CEPHALOSPORIN"
"ERR11968371","Escherichia coli",NA,"Tanzania","Human","479","blaTEM-169","BETA-LACTAM","CEPHALOSPORIN"
"ERR11968374","Escherichia coli",NA,"Tanzania","Human","43","blaCTX-M-15","BETA-LACTAM","CEPHALOSPORIN"
"ERR11968375","Escherichia coli",NA,"Tanzania","Human","8","blaCTX-M-15","BETA-LACTAM","CEPHALOSPORIN"
"ERR11968376","Escherichia coli",NA,"Tanzania","Human","-","blaCTX-M-15","BETA-LACTAM","CEPHALOSPORIN"
"ERR11968376","Escherichia coli",NA,"Tanzania","Human","-","blaOXA-1","BETA-LACTAM","CEPHALOSPORIN"
"ERR11968377","Escherichia coli",NA,"Tanzania","Human","649","blaCTX-M-15","BETA-LACTAM","CEPHALOSPORIN"
"ERR11968378","Escherichia coli",NA,"Tanzania","Human","-","blaCTX-M-15","BETA-LACTAM","CEPHALOSPORIN"
"ERR11968379","Escherichia coli",NA,"Tanzania","Human","-","blaCTX-M-15","BETA-LACTAM","CEPHALOSPORIN"
"ERR11968380","Escherichia coli",NA,"Tanzania","Human","-","blaCTX-M-15","BETA-LACTAM","CEPHALOSPORIN"
"ERR11968381","Escherichia coli",NA,"Tanzania","Human","1088","blaCTX-M-15","BETA-LACTAM","CEPHALOSPORIN"
"ERR11968382","Escherichia coli",NA,"Tanzania","Human","-","blaCTX-M-55","BETA-LACTAM","CEPHALOSPORIN"
"ERR11968383","Escherichia coli",NA,"Tanzania","Human","-","blaCTX-M-15","BETA-LACTAM","CEPHALOSPORIN"
"ERR11968384","Escherichia coli",NA,"Tanzania","Human","692","blaOXA-181","BETA-LACTAM","CARBAPENEM"
"ERR11968384","Escherichia coli",NA,"Tanzania","Human","692","blaCTX-M-15","BETA-LACTAM","CEPHALOSPORIN"
"ERR11968384","Escherichia coli",NA,"Tanzania","Human","692","blaCMY-2","BETA-LACTAM","CEPHALOSPORIN"
"ERR11968384","Escherichia coli",NA,"Tanzania","Human","692","ftsI_N337NYRIN","BETA-LACTAM","AZTREONAM/CEFIDEROCOL/CEPHALOSPORIN"
"ERR11968384","Escherichia coli",NA,"Tanzania","Human","692","ompC_R195L","BETA-LACTAM","CARBAPENEM"
"ERR11968386","Escherichia coli",NA,"Tanzania","Human","471","blaCTX-M-15","BETA-LACTAM","CEPHALOSPORIN"
"ERR11968386","Escherichia coli",NA,"Tanzania","Human","471","blaOXA-1","BETA-LACTAM","CEPHALOSPORIN"
"ERR11968386","Escherichia coli",NA,"Tanzania","Human","471","ftsI_I336IKYRI","BETA-LACTAM","AZTREONAM/CEFIDEROCOL/CEPHALOSPORIN"
"ERR11968388","Escherichia coli",NA,"Tanzania","Human","506","blaCTX-M-27","BETA-LACTAM","CEPHALOSPORIN"
"ERR11968389","Escherichia coli",NA,"Tanzania","Human","506","blaCTX-M-27","BETA-LACTAM","CEPHALOSPORIN"
"ERR11968391","Escherichia coli",NA,"Tanzania","Human","2","blaCTX-M-15","BETA-LACTAM","CEPHALOSPORIN"
"ERR11968392","Escherichia coli",NA,"Tanzania","Human","-","blaCTX-M-15","BETA-LACTAM","CEPHALOSPORIN"
"ERR11968395","Escherichia coli",NA,"Tanzania","Human","479","blaCTX-M-15","BETA-LACTAM","CEPHALOSPORIN"
"ERR11968396","Escherichia coli",NA,"Tanzania","Human","-","blaCTX-M-15","BETA-LACTAM","CEPHALOSPORIN"
"ERR11968397","Escherichia coli",NA,"Tanzania","Human","506","blaCTX-M-27","BETA-LACTAM","CEPHALOSPORIN"
"ERR11968398","Escherichia coli",NA,"Tanzania","Human","-","blaCTX-M-15","BETA-LACTAM","CEPHALOSPORIN"
"ERR11968399","Escherichia coli",NA,"Tanzania","Human","43","blaCTX-M-15","BETA-LACTAM","CEPHALOSPORIN"
"ERR11968399","Escherichia coli",NA,"Tanzania","Human","43","blaOXA-1","BETA-LACTAM","CEPHALOSPORIN"
"ERR11968400","Escherichia coli",NA,"Tanzania","Human","-",NA,NA,NA
"ERR11968401","Escherichia coli",NA,"Tanzania","Human","-","blaCTX-M-15","BETA-LACTAM","CEPHALOSPORIN"
"ERR11968402","Escherichia coli",NA,"Tanzania","Human","1088","blaCTX-M-15","BETA-LACTAM","CEPHALOSPORIN"
"ERR11968403","Escherichia coli",NA,"Tanzania","Human","-","blaCTX-M-14","BETA-LACTAM","CEPHALOSPORIN"
"ERR11968403","Escherichia coli",NA,"Tanzania","Human","-","blaCTX-M-15","BETA-LACTAM","CEPHALOSPORIN"
"ERR11968404","Escherichia coli",NA,"Tanzania","Human","-","blaCTX-M-15","BETA-LACTAM","CEPHALOSPORIN"
"ERR11968405","Escherichia coli",NA,"Tanzania","Human","-","blaCTX-M-15","BETA-LACTAM","CEPHALOSPORIN"
"ERR11968406","Escherichia coli",NA,"Tanzania","Human","716","blaCTX-M-15","BETA-LACTAM","CEPHALOSPORIN"
"ERR11968407","Escherichia coli",NA,"Tanzania","Human","2","ftsI_N337NYRIN","BETA-LACTAM","AZTREONAM/CEFIDEROCOL/CEPHALOSPORIN"
"ERR11968407","Escherichia coli",NA,"Tanzania","Human","2","blaCTX-M-15","BETA-LACTAM","CEPHALOSPORIN"
"ERR11968408","Escherichia coli",NA,"Tanzania","Human","829","blaCTX-M-15","BETA-LACTAM","CEPHALOSPORIN"
"ERR11968409","Escherichia coli",NA,"Tanzania","Human","-","blaCTX-M-15","BETA-LACTAM","CEPHALOSPORIN"
"ERR11968410","Escherichia coli",NA,"Tanzania","Human","469","blaCTX-M-15","BETA-LACTAM","CEPHALOSPORIN"
"ERR11968411","Escherichia coli",NA,"Tanzania","Human","1120","blaCTX-M-15","BETA-LACTAM","CEPHALOSPORIN"
"ERR11968412","Escherichia coli",NA,"Tanzania","Human","21","blaCTX-M-14","BETA-LACTAM","CEPHALOSPORIN"
"ERR11968413","Escherichia coli",NA,"Tanzania","Human","398","blaCTX-M-15","BETA-LACTAM","CEPHALOSPORIN"
"ERR11968414","Escherichia coli",NA,"Tanzania","Human","-","blaCTX-M-15","BETA-LACTAM","CEPHALOSPORIN"
"ERR11968416","Escherichia coli",NA,"Tanzania","Human","-","blaCTX-M-15","BETA-LACTAM","CEPHALOSPORIN"
"ERR11968417","Escherichia coli",NA,"Tanzania","Human","-","blaCTX-M-15","BETA-LACTAM","CEPHALOSPORIN"
"ERR11968417","Escherichia coli",NA,"Tanzania","Human","-","blaCTX-M","BETA-LACTAM","CEPHALOSPORIN"
"ERR11968418","Escherichia coli",NA,"Tanzania","Human","-","blaCTX-M-15","BETA-LACTAM","CEPHALOSPORIN"
"ERR11968419","Escherichia coli",NA,"Tanzania","Human","-","blaCTX-M-15","BETA-LACTAM","CEPHALOSPORIN"
"ERR11968420","Escherichia coli",NA,"Tanzania","Human","53","blaCTX-M-15","BETA-LACTAM","CEPHALOSPORIN"
"ERR11968420","Escherichia coli",NA,"Tanzania","Human","53","blaOXA-1","BETA-LACTAM","CEPHALOSPORIN"
"ERR11968420","Escherichia coli",NA,"Tanzania","Human","53","blaEC-5","BETA-LACTAM","CEPHALOSPORIN"
"ERR11968421","Escherichia coli",NA,"Tanzania","Human","2","blaCTX-M-27","BETA-LACTAM","CEPHALOSPORIN"
"ERR11968422","Escherichia coli",NA,"Tanzania","Human","-","blaCTX-M-15","BETA-LACTAM","CEPHALOSPORIN"
"ERR11968423","Escherichia coli",NA,"Tanzania","Human","506","blaCTX-M-15","BETA-LACTAM","CEPHALOSPORIN"
"ERR11968424","Escherichia coli",NA,"Tanzania","Human","8","blaCTX-M-15","BETA-LACTAM","CEPHALOSPORIN"
"ERR11968425","Escherichia coli",NA,"Tanzania","Human","-","blaCTX-M-15","BETA-LACTAM","CEPHALOSPORIN"
"ERR11968426","Escherichia coli",NA,"Tanzania","Human","-","blaCTX-M-15","BETA-LACTAM","CEPHALOSPORIN"
"ERR11968427","Escherichia coli",NA,"Tanzania","Human","53","blaCTX-M-15","BETA-LACTAM","CEPHALOSPORIN"
"ERR11968427","Escherichia coli",NA,"Tanzania","Human","53","blaEC-5","BETA-LACTAM","CEPHALOSPORIN"
"ERR11968428","Escherichia coli",NA,"Tanzania","Human","741","blaOXA-1","BETA-LACTAM","CEPHALOSPORIN"
"ERR11968428","Escherichia coli",NA,"Tanzania","Human","741","blaCTX-M-15","BETA-LACTAM","CEPHALOSPORIN"
"ERR11968428","Escherichia coli",NA,"Tanzania","Human","741","blaCTX-M-27","BETA-LACTAM","CEPHALOSPORIN"
"ERR11968429","Escherichia coli",NA,"Tanzania","Human","-","blaCTX-M-15","BETA-LACTAM","CEPHALOSPORIN"
"ERR11968429","Escherichia coli",NA,"Tanzania","Human","-","blaOXA-1","BETA-LACTAM","CEPHALOSPORIN"
"ERR11968431","Escherichia coli",NA,"Tanzania","Human","8","blaCTX-M-15","BETA-LACTAM","CEPHALOSPORIN"
"ERR11968433","Escherichia coli",NA,"Tanzania","Human","-","blaCTX-M-15","BETA-LACTAM","CEPHALOSPORIN"
"ERR11968437","Escherichia coli",NA,"Tanzania","Human","53","blaOXA-1","BETA-LACTAM","CEPHALOSPORIN"
"ERR11968437","Escherichia coli",NA,"Tanzania","Human","53","blaEC-5","BETA-LACTAM","CEPHALOSPORIN"
"ERR11968437","Escherichia coli",NA,"Tanzania","Human","53","blaCTX-M-15","BETA-LACTAM","CEPHALOSPORIN"
"ERR11968438","Escherichia coli",NA,"Tanzania","Human","471","blaCTX-M-15","BETA-LACTAM","CEPHALOSPORIN"
"ERR11968438","Escherichia coli",NA,"Tanzania","Human","471","blaOXA-1","BETA-LACTAM","CEPHALOSPORIN"
"ERR11968438","Escherichia coli",NA,"Tanzania","Human","471","ftsI_I336IKYRI","BETA-LACTAM","AZTREONAM/CEFIDEROCOL/CEPHALOSPORIN"
"ERR11968439","Escherichia coli",NA,"Tanzania","Human","-","blaCTX-M-27","BETA-LACTAM","CEPHALOSPORIN"
"ERR11968440","Escherichia coli",NA,"Tanzania","Human","-","blaCTX-M-15","BETA-LACTAM","CEPHALOSPORIN"
"ERR11968440","Escherichia coli",NA,"Tanzania","Human","-","blaOXA-1","BETA-LACTAM","CEPHALOSPORIN"
"ERR11968441","Escherichia coli",NA,"Tanzania","Human","53","blaEC-5","BETA-LACTAM","CEPHALOSPORIN"
"ERR11968441","Escherichia coli",NA,"Tanzania","Human","53","blaCTX-M-15","BETA-LACTAM","CEPHALOSPORIN"
"ERR11968442","Escherichia coli",NA,"Tanzania","Human","692","ompC_R195L","BETA-LACTAM","CARBAPENEM"
"ERR11968442","Escherichia coli",NA,"Tanzania","Human","692","ftsI_N337NYRIN","BETA-LACTAM","AZTREONAM/CEFIDEROCOL/CEPHALOSPORIN"
"ERR11968442","Escherichia coli",NA,"Tanzania","Human","692","blaOXA-181","BETA-LACTAM","CARBAPENEM"
"ERR11968442","Escherichia coli",NA,"Tanzania","Human","692","blaCTX-M-15","BETA-LACTAM","CEPHALOSPORIN"
"ERR11968442","Escherichia coli",NA,"Tanzania","Human","692","blaOXA-1","BETA-LACTAM","CEPHALOSPORIN"
"ERR11968442","Escherichia coli",NA,"Tanzania","Human","692","blaCMY-2","BETA-LACTAM","CEPHALOSPORIN"
"ERR11968445","Escherichia coli",NA,"Tanzania","Human","-","blaCTX-M-15","BETA-LACTAM","CEPHALOSPORIN"
"ERR11968447","Escherichia coli",NA,"Tanzania","Human","692","blaCMY","BETA-LACTAM","CEPHALOSPORIN"
"ERR11968447","Escherichia coli",NA,"Tanzania","Human","692","blaOXA-181","BETA-LACTAM","CARBAPENEM"
"ERR11968447","Escherichia coli",NA,"Tanzania","Human","692","ftsI_N337NYRIN","BETA-LACTAM","AZTREONAM/CEFIDEROCOL/CEPHALOSPORIN"
"ERR11968447","Escherichia coli",NA,"Tanzania","Human","692","blaCTX-M-15","BETA-LACTAM","CEPHALOSPORIN"
"ERR11968447","Escherichia coli",NA,"Tanzania","Human","692","ompC_R195L","BETA-LACTAM","CARBAPENEM"
"ERR11968448","Escherichia coli",NA,"Tanzania","Human","2","blaCTX-M-15","BETA-LACTAM","CEPHALOSPORIN"
"ERR11968448","Escherichia coli",NA,"Tanzania","Human","2","ftsI_N337NYRIN","BETA-LACTAM","AZTREONAM/CEFIDEROCOL/CEPHALOSPORIN"
"ERR11968449","Escherichia coli",NA,"Tanzania","Human","2","blaCTX-M-15","BETA-LACTAM","CEPHALOSPORIN"
"ERR11968449","Escherichia coli",NA,"Tanzania","Human","2","ftsI_N337NYRIN","BETA-LACTAM","AZTREONAM/CEFIDEROCOL/CEPHALOSPORIN"
"ERR11968450","Escherichia coli",NA,"Tanzania","Human","2","ftsI_N337NYRIN","BETA-LACTAM","AZTREONAM/CEFIDEROCOL/CEPHALOSPORIN"
"ERR11968450","Escherichia coli",NA,"Tanzania","Human","2","blaCTX-M-15","BETA-LACTAM","CEPHALOSPORIN"
"ERR11968451","Escherichia coli",NA,"Tanzania","Human","-","ftsI_N337NYRIN","BETA-LACTAM","AZTREONAM/CEFIDEROCOL/CEPHALOSPORIN"
"ERR11968451","Escherichia coli",NA,"Tanzania","Human","-","blaCTX-M-15","BETA-LACTAM","CEPHALOSPORIN"
"ERR11968452","Escherichia coli",NA,"Tanzania","Human","2","blaCTX-M-15","BETA-LACTAM","CEPHALOSPORIN"
"ERR11968453","Escherichia coli",NA,"Tanzania","Human","-","blaCTX-M-15","BETA-LACTAM","CEPHALOSPORIN"
"ERR11968454","Escherichia coli",NA,"Tanzania","Human","-","ftsI_N337NYRIN","BETA-LACTAM","AZTREONAM/CEFIDEROCOL/CEPHALOSPORIN"
"ERR11968454","Escherichia coli",NA,"Tanzania","Human","-","blaCTX-M-15","BETA-LACTAM","CEPHALOSPORIN"
"ERR11968455","Escherichia coli",NA,"Tanzania","Human","-","blaDHA-1","BETA-LACTAM","CEPHALOSPORIN"
"ERR11968455","Escherichia coli",NA,"Tanzania","Human","-","blaCTX-M-15","BETA-LACTAM","CEPHALOSPORIN"
"ERR11968455","Escherichia coli",NA,"Tanzania","Human","-","blaOXA-1","BETA-LACTAM","CEPHALOSPORIN"
"ERR11968456","Escherichia coli",NA,"Tanzania","Human","-","blaCTX-M","BETA-LACTAM","CEPHALOSPORIN"
"ERR11968461","Escherichia coli",NA,"Tanzania","Human","77","blaCTX-M-15","BETA-LACTAM","CEPHALOSPORIN"
"ERR11968463","Escherichia coli",NA,"Tanzania","Human","2","blaCTX-M-15","BETA-LACTAM","CEPHALOSPORIN"
"ERR11968464","Escherichia coli",NA,"Tanzania","Human","2","blaCTX-M-15","BETA-LACTAM","CEPHALOSPORIN"
"ERR11968464","Escherichia coli",NA,"Tanzania","Human","2","blaOXA-1","BETA-LACTAM","CEPHALOSPORIN"
"ERR11968465","Escherichia coli",NA,"Tanzania","Human","-","blaCTX-M-15","BETA-LACTAM","CEPHALOSPORIN"
"ERR11968466","Escherichia coli",NA,"Tanzania","Human","-","blaCTX-M-15","BETA-LACTAM","CEPHALOSPORIN"
"ERR11968467","Escherichia coli",NA,"Tanzania","Human","-","blaCTX-M-15","BETA-LACTAM","CEPHALOSPORIN"
"ERR11968467","Escherichia coli",NA,"Tanzania","Human","-","blaOXA-1","BETA-LACTAM","CEPHALOSPORIN"
"ERR11968468","Escherichia coli",NA,"Tanzania","Human","511","blaCTX-M-15","BETA-LACTAM","CEPHALOSPORIN"
"ERR13583303","Escherichia coli",NA,"Tanzania","Human","-","blaCTX-M-15","BETA-LACTAM","CEPHALOSPORIN"
"ERR13583304","Escherichia coli",NA,"Tanzania","Human","87","blaCTX-M-27","BETA-LACTAM","CEPHALOSPORIN"
"ERR13583305","Escherichia coli",NA,"Tanzania","Human","506","blaCTX-M-15","BETA-LACTAM","CEPHALOSPORIN"
"ERR13583308","Escherichia coli",NA,"Tanzania","Human","-","blaCTX-M-15","BETA-LACTAM","CEPHALOSPORIN"
"ERR13583310","Escherichia coli",NA,"Tanzania","Human","-","blaCTX-M-15","BETA-LACTAM","CEPHALOSPORIN"
"ERR13583311","Escherichia coli",NA,"Tanzania","Human","-","blaCTX-M-15","BETA-LACTAM","CEPHALOSPORIN"
"ERR13583313","Escherichia coli",NA,"Tanzania","Human","8","blaCTX-M-14","BETA-LACTAM","CEPHALOSPORIN"
"ERR13583315","Escherichia coli",NA,"Tanzania","Human","-","blaCTX-M-15","BETA-LACTAM","CEPHALOSPORIN"
"ERR13583316","Escherichia coli",NA,"Tanzania","Human","681","blaCTX-M-15","BETA-LACTAM","CEPHALOSPORIN"
"ERR13583317","Escherichia coli",NA,"Tanzania","Human","692","blaOXA-181","BETA-LACTAM","CARBAPENEM"
"ERR13583317","Escherichia coli",NA,"Tanzania","Human","692","ompC_R195L","BETA-LACTAM","CARBAPENEM"
"ERR13583317","Escherichia coli",NA,"Tanzania","Human","692","blaCTX-M-15","BETA-LACTAM","CEPHALOSPORIN"
"ERR13583317","Escherichia coli",NA,"Tanzania","Human","692","ftsI_N337NYRIN","BETA-LACTAM","AZTREONAM/CEFIDEROCOL/CEPHALOSPORIN"
"ERR13583317","Escherichia coli",NA,"Tanzania","Human","692","blaOXA-1","BETA-LACTAM","CEPHALOSPORIN"
"ERR13583317","Escherichia coli",NA,"Tanzania","Human","692","blaCMY-2","BETA-LACTAM","CEPHALOSPORIN"
"ERR13583319","Escherichia coli",NA,"Tanzania","Human","692","blaOXA-181","BETA-LACTAM","CARBAPENEM"
"ERR13583319","Escherichia coli",NA,"Tanzania","Human","692","ftsI_N337NYRIN","BETA-LACTAM","AZTREONAM/CEFIDEROCOL/CEPHALOSPORIN"
"ERR13583319","Escherichia coli",NA,"Tanzania","Human","692","ompC_R195L","BETA-LACTAM","CARBAPENEM"
"ERR13583319","Escherichia coli",NA,"Tanzania","Human","692","blaCTX-M-15","BETA-LACTAM","CEPHALOSPORIN"
"ERR13583319","Escherichia coli",NA,"Tanzania","Human","692","blaOXA-1","BETA-LACTAM","CEPHALOSPORIN"
"ERR13583319","Escherichia coli",NA,"Tanzania","Human","692","blaCMY-2","BETA-LACTAM","CEPHALOSPORIN"
"ERR13583320","Escherichia coli",NA,"Tanzania","Human","-","blaCTX-M-15","BETA-LACTAM","CEPHALOSPORIN"
"ERR13583322","Escherichia coli",NA,"Tanzania","Human","2","blaCTX-M-15","BETA-LACTAM","CEPHALOSPORIN"
"ERR13583323","Escherichia coli",NA,"Tanzania","Human","-","blaCTX-M-15","BETA-LACTAM","CEPHALOSPORIN"
"ERR13583324","Escherichia coli",NA,"Tanzania","Human","2","blaCTX-M-27","BETA-LACTAM","CEPHALOSPORIN"
"ERR13583325","Escherichia coli",NA,"Tanzania","Human","740","blaCTX-M-15","BETA-LACTAM","CEPHALOSPORIN"
"ERR13583326","Escherichia coli",NA,"Tanzania","Human","506","blaCTX-M-15","BETA-LACTAM","CEPHALOSPORIN"
"ERR13583328","Escherichia coli",NA,"Tanzania","Human","511","blaCTX-M-15","BETA-LACTAM","CEPHALOSPORIN"
"ERR13583329","Escherichia coli",NA,"Tanzania","Human","-","blaCTX-M-15","BETA-LACTAM","CEPHALOSPORIN"
"ERR13583331","Escherichia coli",NA,"Tanzania","Human","2","ftsI_N337NYRIN","BETA-LACTAM","AZTREONAM/CEFIDEROCOL/CEPHALOSPORIN"
"ERR13583331","Escherichia coli",NA,"Tanzania","Human","2","blaCTX-M-15","BETA-LACTAM","CEPHALOSPORIN"
"ERR13583331","Escherichia coli",NA,"Tanzania","Human","2","blaOXA-1","BETA-LACTAM","CEPHALOSPORIN"
"ERR13583332","Escherichia coli",NA,"Tanzania","Human","-","blaCTX-M-15","BETA-LACTAM","CEPHALOSPORIN"
"ERR13583333","Escherichia coli",NA,"Tanzania","Human","-","blaCTX-M-15","BETA-LACTAM","CEPHALOSPORIN"
"ERR13583334","Escherichia coli",NA,"Tanzania","Human","-","blaCTX-M-15","BETA-LACTAM","CEPHALOSPORIN"
"ERR13583336","Escherichia coli",NA,"Tanzania","Human","53","blaCTX-M-15","BETA-LACTAM","CEPHALOSPORIN"
"ERR13583336","Escherichia coli",NA,"Tanzania","Human","53","blaOXA-1","BETA-LACTAM","CEPHALOSPORIN"
"ERR13583336","Escherichia coli",NA,"Tanzania","Human","53","blaEC-5","BETA-LACTAM","CEPHALOSPORIN"
"ERR13583337","Escherichia coli",NA,"Tanzania","Human","84","blaCTX-M-15","BETA-LACTAM","CEPHALOSPORIN"
"ERR13583338","Escherichia coli",NA,"Tanzania","Human","84","blaCTX-M-15","BETA-LACTAM","CEPHALOSPORIN"
"ERR13583342","Escherichia coli",NA,"Tanzania","Human","471","blaCTX-M-15","BETA-LACTAM","CEPHALOSPORIN"
"ERR13583342","Escherichia coli",NA,"Tanzania","Human","471","blaOXA-1","BETA-LACTAM","CEPHALOSPORIN"
"ERR13583342","Escherichia coli",NA,"Tanzania","Human","471","ftsI_I336IKYRI","BETA-LACTAM","AZTREONAM/CEFIDEROCOL/CEPHALOSPORIN"
"ERR13583345","Escherichia coli",NA,"Tanzania","Human","8","blaCTX-M-15","BETA-LACTAM","CEPHALOSPORIN"
"ERR13583347","Escherichia coli",NA,"Tanzania","Human","859","blaCTX-M-15","BETA-LACTAM","CEPHALOSPORIN"
"ERR13583350","Escherichia coli",NA,"Tanzania","Human","1095","blaCTX-M-15","BETA-LACTAM","CEPHALOSPORIN"
"ERR13583352","Escherichia coli",NA,"Tanzania","Human","398","blaCTX-M-15","BETA-LACTAM","CEPHALOSPORIN"
"ERR13583353","Escherichia coli",NA,"Tanzania","Human","-","blaCTX-M-55","BETA-LACTAM","CEPHALOSPORIN"
"ERR13583354","Escherichia coli",NA,"Tanzania","Human","-","blaCTX-M-55","BETA-LACTAM","CEPHALOSPORIN"
"ERR13583356","Escherichia coli",NA,"Tanzania","Human","-","blaCTX-M-15","BETA-LACTAM","CEPHALOSPORIN"
"ERR13583357","Escherichia coli",NA,"Tanzania","Human","-","blaCTX-M-55","BETA-LACTAM","CEPHALOSPORIN"
"ERR13583358","Escherichia coli",NA,"Tanzania","Human","-","blaCTX-M-15","BETA-LACTAM","CEPHALOSPORIN"
"ERR13583360","Escherichia coli",NA,"Tanzania","Human","2","blaCTX-M-15","BETA-LACTAM","CEPHALOSPORIN"
"ERR13583360","Escherichia coli",NA,"Tanzania","Human","2","blaOXA-1","BETA-LACTAM","CEPHALOSPORIN"
"ERR13583360","Escherichia coli",NA,"Tanzania","Human","2","ftsI_N337NYRIN","BETA-LACTAM","AZTREONAM/CEFIDEROCOL/CEPHALOSPORIN"
"ERR13583361","Escherichia coli",NA,"Tanzania","Human","-","ftsI_N337NYRIN","BETA-LACTAM","AZTREONAM/CEFIDEROCOL/CEPHALOSPORIN"
"ERR13583361","Escherichia coli",NA,"Tanzania","Human","-","blaCTX-M-15","BETA-LACTAM","CEPHALOSPORIN"
"ERR13583361","Escherichia coli",NA,"Tanzania","Human","-","blaOXA-1","BETA-LACTAM","CEPHALOSPORIN"
"ERR13583363","Escherichia coli",NA,"Tanzania","Human","-","blaCTX-M-15","BETA-LACTAM","CEPHALOSPORIN"
"ERR13583364","Escherichia coli",NA,"Tanzania","Human","999","blaCTX-M-102","BETA-LACTAM","CEPHALOSPORIN"
"ERR13583365","Escherichia coli",NA,"Tanzania","Human","716","blaCTX-M-15","BETA-LACTAM","CEPHALOSPORIN"
"ERR13583367","Escherichia coli",NA,"Tanzania","Human","-","blaCTX-M-15","BETA-LACTAM","CEPHALOSPORIN"
"ERR13583369","Escherichia coli",NA,"Tanzania","Human","-","blaCTX-M-15","BETA-LACTAM","CEPHALOSPORIN"
"ERR13583369","Escherichia coli",NA,"Tanzania","Human","-","ftsI_N337NYRIN","BETA-LACTAM","AZTREONAM/CEFIDEROCOL/CEPHALOSPORIN"
"ERR13583370","Escherichia coli",NA,"Tanzania","Human","-","blaCTX-M-15","BETA-LACTAM","CEPHALOSPORIN"
"ERR13583370","Escherichia coli",NA,"Tanzania","Human","-","blaOXA-1","BETA-LACTAM","CEPHALOSPORIN"
"ERR13583372","Escherichia coli",NA,"Tanzania","Human","-","blaCTX-M-15","BETA-LACTAM","CEPHALOSPORIN"
"ERR13583373","Escherichia coli",NA,"Tanzania","Human","-","blaCTX-M-15","BETA-LACTAM","CEPHALOSPORIN"
"ERR13583374","Escherichia coli",NA,"Tanzania","Human","2","blaCTX-M-27","BETA-LACTAM","CEPHALOSPORIN"
"ERR13583375","Escherichia coli",NA,"Tanzania","Human","2","blaCTX-M-27","BETA-LACTAM","CEPHALOSPORIN"
"ERR13583376","Escherichia coli",NA,"Tanzania","Human","43","blaOXA-1","BETA-LACTAM","CEPHALOSPORIN"
"ERR13583376","Escherichia coli",NA,"Tanzania","Human","43","blaCTX-M-15","BETA-LACTAM","CEPHALOSPORIN"
"ERR13583378","Escherichia coli",NA,"Tanzania","Human","-","blaCTX-M-15","BETA-LACTAM","CEPHALOSPORIN"
"ERR13583382","Escherichia coli",NA,"Tanzania","Human","829","blaCTX-M-15","BETA-LACTAM","CEPHALOSPORIN"
"ERR13583385","Escherichia coli",NA,"Tanzania","Human","740","blaCTX-M-15","BETA-LACTAM","CEPHALOSPORIN"
"ERR13583386","Escherichia coli",NA,"Tanzania","Human","632","blaCTX-M-27","BETA-LACTAM","CEPHALOSPORIN"
"ERR13583393","Escherichia coli",NA,"Tanzania","Human","2","blaCTX-M-27","BETA-LACTAM","CEPHALOSPORIN"
"ERR13583393","Escherichia coli",NA,"Tanzania","Human","2","blaACT","BETA-LACTAM","CEPHALOSPORIN"
"ERR13583394","Escherichia coli",NA,"Tanzania","Human","2","blaCTX-M-27","BETA-LACTAM","CEPHALOSPORIN"
"ERR13583397","Escherichia coli",NA,"Tanzania","Human","471","ftsI_I336IKYRI","BETA-LACTAM","AZTREONAM/CEFIDEROCOL/CEPHALOSPORIN"
"ERR13583397","Escherichia coli",NA,"Tanzania","Human","471","blaCTX-M-15","BETA-LACTAM","CEPHALOSPORIN"
"ERR13583401","Escherichia coli",NA,"Tanzania","Human","-","blaCTX-M-15","BETA-LACTAM","CEPHALOSPORIN"
"ERR13583402","Escherichia coli",NA,"Tanzania","Human","-","blaCTX-M-15","BETA-LACTAM","CEPHALOSPORIN"
"ERR13583403","Escherichia coli",NA,"Tanzania","Human","-","ftsI_N337NYRIN","BETA-LACTAM","AZTREONAM/CEFIDEROCOL/CEPHALOSPORIN"
"ERR13583403","Escherichia coli",NA,"Tanzania","Human","-","blaCTX-M-15","BETA-LACTAM","CEPHALOSPORIN"
"ERR13583404","Escherichia coli",NA,"Tanzania","Human","-","blaCTX-M-15","BETA-LACTAM","CEPHALOSPORIN"
"ERR13583405","Escherichia coli",NA,"Tanzania","Human","-","blaCTX-M-15","BETA-LACTAM","CEPHALOSPORIN"
"ERR13583409","Escherichia coli",NA,"Tanzania","Human","-","blaCTX-M-15","BETA-LACTAM","CEPHALOSPORIN"
"ERR13583411","Escherichia coli",NA,"Tanzania","Human","2","blaCTX-M-15","BETA-LACTAM","CEPHALOSPORIN"
"ERR13583411","Escherichia coli",NA,"Tanzania","Human","2","blaOXA-1","BETA-LACTAM","CEPHALOSPORIN"
"ERR13583414","Escherichia coli",NA,"Tanzania","Human","-","blaCTX-M-15","BETA-LACTAM","CEPHALOSPORIN"
"ERR13583415","Escherichia coli",NA,"Tanzania","Human","8","blaCTX-M-15","BETA-LACTAM","CEPHALOSPORIN"
"ERR13583416","Escherichia coli",NA,"Tanzania","Human","700","blaCTX-M-15","BETA-LACTAM","CEPHALOSPORIN"
"ERR13583419","Escherichia coli",NA,"Tanzania","Human","698","blaCTX-M-15","BETA-LACTAM","CEPHALOSPORIN"
"ERR13583421","Escherichia coli",NA,"Tanzania","Human","-","blaCTX-M-15","BETA-LACTAM","CEPHALOSPORIN"
"ERR13583422","Escherichia coli",NA,"Tanzania","Human","471","blaCTX-M-15","BETA-LACTAM","CEPHALOSPORIN"
"ERR13583422","Escherichia coli",NA,"Tanzania","Human","471","blaOXA-1","BETA-LACTAM","CEPHALOSPORIN"
"ERR13583423","Escherichia coli",NA,"Tanzania","Human","43","blaCTX-M-15","BETA-LACTAM","CEPHALOSPORIN"
"ERR13583423","Escherichia coli",NA,"Tanzania","Human","43","blaOXA-1","BETA-LACTAM","CEPHALOSPORIN"
"ERR13583424","Escherichia coli",NA,"Tanzania","Human","479","blaCTX-M-15","BETA-LACTAM","CEPHALOSPORIN"
"ERR13583424","Escherichia coli",NA,"Tanzania","Human","479","blaTEM-169","BETA-LACTAM","CEPHALOSPORIN"
"ERR13583425","Escherichia coli",NA,"Tanzania","Human","-","blaCTX-M-15","BETA-LACTAM","CEPHALOSPORIN"
"ERR13583427","Escherichia coli",NA,"Tanzania","Human","-","blaCTX-M-15","BETA-LACTAM","CEPHALOSPORIN"
"ERR13583428","Escherichia coli",NA,"Tanzania","Human","1112","blaCTX-M-15","BETA-LACTAM","CEPHALOSPORIN"
"ERR13583429","Escherichia coli",NA,"Tanzania","Human","89","blaCTX-M-15","BETA-LACTAM","CEPHALOSPORIN"
"ERR13583430","Escherichia coli",NA,"Tanzania","Human","89","blaCTX-M-15","BETA-LACTAM","CEPHALOSPORIN"
"ERR13583432","Escherichia coli",NA,"Tanzania","Human","471","blaCTX-M-15","BETA-LACTAM","CEPHALOSPORIN"
"ERR13583432","Escherichia coli",NA,"Tanzania","Human","471","ftsI_I336IKYRI","BETA-LACTAM","AZTREONAM/CEFIDEROCOL/CEPHALOSPORIN"
"ERR13583436","Escherichia coli",NA,"Tanzania","Human","960","blaCTX-M-15","BETA-LACTAM","CEPHALOSPORIN"
"ERR13583438","Escherichia coli",NA,"Tanzania","Human","-","blaCTX-M-15","BETA-LACTAM","CEPHALOSPORIN"
"ERR13583440","Escherichia coli",NA,"Tanzania","Human","2","blaCTX-M-15","BETA-LACTAM","CEPHALOSPORIN"
"ERR13583441","Escherichia coli",NA,"Tanzania","Human","506","blaCTX-M-27","BETA-LACTAM","CEPHALOSPORIN"
"ERR13583443","Escherichia coli",NA,"Tanzania","Human","53","blaCTX-M-15","BETA-LACTAM","CEPHALOSPORIN"
"ERR13583443","Escherichia coli",NA,"Tanzania","Human","53","blaOXA-1","BETA-LACTAM","CEPHALOSPORIN"
"ERR13583444","Escherichia coli",NA,"Tanzania","Human","-","blaCTX-M-15","BETA-LACTAM","CEPHALOSPORIN"
"ERR13583445","Escherichia coli",NA,"Tanzania","Human","-","blaCTX-M-15","BETA-LACTAM","CEPHALOSPORIN"
"ERR13583445","Escherichia coli",NA,"Tanzania","Human","-","blaOXA-1","BETA-LACTAM","CEPHALOSPORIN"
"ERR13583446","Escherichia coli",NA,"Tanzania","Human","8","blaCTX-M-15","BETA-LACTAM","CEPHALOSPORIN"
"ERR13583447","Escherichia coli",NA,"Tanzania","Human","-","blaCTX-M-15","BETA-LACTAM","CEPHALOSPORIN"
"ERR13583447","Escherichia coli",NA,"Tanzania","Human","-","blaOXA-1","BETA-LACTAM","CEPHALOSPORIN"
"ERR13583449","Escherichia coli",NA,"Tanzania","Human","-","blaCTX-M-15","BETA-LACTAM","CEPHALOSPORIN"
"ERR13583457","Escherichia coli",NA,"Tanzania","Human","532","blaCTX-M-15","BETA-LACTAM","CEPHALOSPORIN"
"ERR13583458","Escherichia coli",NA,"Tanzania","Human","532","blaCTX-M-15","BETA-LACTAM","CEPHALOSPORIN"
"ERR13583460","Escherichia coli",NA,"Tanzania","Human","-","blaCTX-M-15","BETA-LACTAM","CEPHALOSPORIN"
"ERR13583461","Escherichia coli",NA,"Tanzania","Human","-","blaCTX-M-27","BETA-LACTAM","CEPHALOSPORIN"
"ERR13583462","Escherichia coli",NA,"Tanzania","Human","-","blaCTX-M-15","BETA-LACTAM","CEPHALOSPORIN"
"ERR13583462","Escherichia coli",NA,"Tanzania","Human","-","blaOXA-1","BETA-LACTAM","CEPHALOSPORIN"
"ERR13583464","Escherichia coli",NA,"Tanzania","Human","-","blaCTX-M-15","BETA-LACTAM","CEPHALOSPORIN"
"ERR13583466","Escherichia coli",NA,"Tanzania","Human","-","blaCTX-M-15","BETA-LACTAM","CEPHALOSPORIN"
"ERR13583468","Escherichia coli",NA,"Tanzania","Human","-","blaCTX-M-15","BETA-LACTAM","CEPHALOSPORIN"
"ERR13583474","Escherichia coli",NA,"Tanzania","Human","506","blaCTX-M-15","BETA-LACTAM","CEPHALOSPORIN"
"ERR13583476","Escherichia coli",NA,"Tanzania","Human","-","blaCTX-M-15","BETA-LACTAM","CEPHALOSPORIN"
"ERR13583477","Escherichia coli",NA,"Tanzania","Human","-","blaCTX-M-15","BETA-LACTAM","CEPHALOSPORIN"
"ERR13583478","Escherichia coli",NA,"Tanzania","Human","-","blaCTX-M-15","BETA-LACTAM","CEPHALOSPORIN"
"ERR13583482","Escherichia coli",NA,"Tanzania","Human","8","blaCTX-M-15","BETA-LACTAM","CEPHALOSPORIN"
"ERR13583485","Escherichia coli",NA,"Tanzania","Human","479","blaCTX-M-27","BETA-LACTAM","CEPHALOSPORIN"
"ERR13583489","Escherichia coli",NA,"Tanzania","Human","2","blaCTX-M-15","BETA-LACTAM","CEPHALOSPORIN"
"ERR13583489","Escherichia coli",NA,"Tanzania","Human","2","blaOXA-1","BETA-LACTAM","CEPHALOSPORIN"
"ERR13583490","Escherichia coli",NA,"Tanzania","Human","2","blaCTX-M-15","BETA-LACTAM","CEPHALOSPORIN"
"ERR13583492","Escherichia coli",NA,"Tanzania","Human","-","blaCTX-M-15","BETA-LACTAM","CEPHALOSPORIN"
"ERR13583494","Escherichia coli",NA,"Tanzania","Human","2","blaCTX-M-15","BETA-LACTAM","CEPHALOSPORIN"
"ERR13583494","Escherichia coli",NA,"Tanzania","Human","2","blaOXA-1","BETA-LACTAM","CEPHALOSPORIN"
"ERR13583495","Escherichia coli",NA,"Tanzania","Human","2","blaCTX-M-15","BETA-LACTAM","CEPHALOSPORIN"
"ERR13583496","Escherichia coli",NA,"Tanzania","Human","1112","blaCTX-M-15","BETA-LACTAM","CEPHALOSPORIN"
"ERR13583497","Escherichia coli",NA,"Tanzania","Human","-","blaCTX-M-15","BETA-LACTAM","CEPHALOSPORIN"
"ERR13583499","Escherichia coli",NA,"Tanzania","Human","-","blaCTX-M-15","BETA-LACTAM","CEPHALOSPORIN"
"ERR13583500","Escherichia coli",NA,"Tanzania","Human","43","blaCTX-M-15","BETA-LACTAM","CEPHALOSPORIN"
"SRR27326127","Escherichia coli",NA,"Ethopia","Human","314",NA,NA,NA
"SRR27326124","Escherichia coli",NA,"Ethopia","Human","541","blaCTX-M-15","BETA-LACTAM","CEPHALOSPORIN"
"SRR27326125","Escherichia coli",NA,"Ethopia","Human","999","blaCTX-M-15","BETA-LACTAM","CEPHALOSPORIN"
"SRR27326126","Escherichia coli",NA,"Ethopia","Human","546","blaCTX-M-3","BETA-LACTAM","CEPHALOSPORIN"
"SRR27326117","Escherichia coli",NA,"Ethopia","Human","86","blaCTX-M-3","BETA-LACTAM","CEPHALOSPORIN"
"SRR27326123","Escherichia coli",NA,"Ethopia","Human","998","blaCTX-M-15","BETA-LACTAM","CEPHALOSPORIN"
"SRR27326122","Escherichia coli",NA,"Ethopia","Human","-","blaCTX-M-15","BETA-LACTAM","CEPHALOSPORIN"
"SRR27326121","Escherichia coli",NA,"Ethopia","Human","21","blaCTX-M-15","BETA-LACTAM","CEPHALOSPORIN"
"SRR27326119","Escherichia coli",NA,"Ethopia","Human","896","blaCTX-M-15","BETA-LACTAM","CEPHALOSPORIN"
"SRR27326120","Escherichia coli",NA,"Ethopia","Human","-",NA,NA,NA
"SRR27326118","Escherichia coli",NA,"Ethopia","Human","479","blaTEM-169","BETA-LACTAM","CEPHALOSPORIN"
"SRR27326118","Escherichia coli",NA,"Ethopia","Human","479","blaCTX-M-15","BETA-LACTAM","CEPHALOSPORIN"
"SRR27326116","Escherichia coli",NA,"Ethopia","Human","636","blaCTX-M-15","BETA-LACTAM","CEPHALOSPORIN"
"SRR27326115","Escherichia coli",NA,"Ethopia","Human","-","blaCTX-M-15","BETA-LACTAM","CEPHALOSPORIN"
"SRR27326114","Escherichia coli",NA,"Ethopia","Human","479","blaCTX-M","BETA-LACTAM","CEPHALOSPORIN"
"SRR27326113","Escherichia coli",NA,"Ethopia","Human","-","blaCTX-M-3","BETA-LACTAM","CEPHALOSPORIN"
"SRR27326112","Escherichia coli",NA,"Ethopia","Human","132","blaCTX-M-15","BETA-LACTAM","CEPHALOSPORIN"
"SRR27326111","Escherichia coli",NA,"Ethopia","Human","471","blaCTX-M-15","BETA-LACTAM","CEPHALOSPORIN"
"SRR27326111","Escherichia coli",NA,"Ethopia","Human","471","blaOXA-1","BETA-LACTAM","CEPHALOSPORIN"
"SRR27326109","Escherichia coli",NA,"Ethopia","Human","636","blaCTX-M-15","BETA-LACTAM","CEPHALOSPORIN"
"SRR27326110","Escherichia coli",NA,"Ethopia","Human","-","blaCTX-M-15","BETA-LACTAM","CEPHALOSPORIN"
"SRR27874610","Escherichia coli",NA,"Nigeria","Animal",NA,"blaCTX-M-15","BETA-LACTAM","CEPHALOSPORIN"
